{
    "log2_no_instances": 7.22881869049588,
    "log2_no_attributes": 2,
    "log10_no_instances": 5.0106352940962555,
    "log10_no_attributes": 1.3862943611198906,
    "instances_to_features": 37.5,
    "log_instances_to_features": 3.624340932976365,
    "features_to_instances": 37.5,
    "log_features_to_instances": 3.624340932976365,
    "Hopkin's statistic": 0.997893990889927,
    "pct_of_discrete_attributes": 0,
    "mean_entropy_of_discrete_attributes": 0,
    "mean_absolute_correlation_of_continuous_attributes": 0.594116025760156,
    "mean_concentration_of_discrete_attributes": null,
    "pca_95_components_to_features_ratio": 0.5,
    "pca_first_component_skewness": -1.0802789105598885,
    "pca_first_component_kurtosis": -0.7173048257304933,
    "pct_of_outliers": 0.02666666666666667,
    "pct_of_mv": 0,
    "min_skewness_of_continuous_attributes": -0.27212766645671976,
    "max_skewness_of_continuous_attributes": 0.3157671063389368,
    "mean_skewness_of_continuous_attributes": 0.0633645729547289,
    "std_skewness_of_continuous_attributes": 0.2575279634464964,
    "min_kurtosis_of_continuous_attributes": -0.27212766645671976,
    "max_kurtosis_of_continuous_attributes": 0.3157671063389368,
    "mean_kurtosis_of_continuous_attributes": 0.0633645729547289,
    "std_kurtosis_of_continuous_attributes": 0.2575279634464964,
    "t_squared_mv_normality": 0.5733333333333334,
    "t_squared_skewness": 1.4422691363902505,
    "t_squared_outliers": 0.006666666666666667,
    "meanshift_silhouette": 0.6300471284354711,
    "meanshift_dunn": 0.35811164617647867,
    "meanshift_cindex": 0.027813810234260713,
    "meanshift_calinski_harabasz": 354.36555591073966,
    "meanshift_davies_bouldin": 0.4861670617644721,
    "meanshift_sdbw": 0.26909807944572367,
    "meanshift_cdbw": null,
    "meanshift_tau": -1.2393627331105255e-06,
    "meanshift_ratkowsky_lance": 0.5609800167526596,
    "meanshift_mcclain_rao": 0.3818002914441957,
    "DBSCAN_silhouette": null,
    "DBSCAN_davies_bouldin": null,
    "DBSCAN_calinski_harabasz": null,
    "OPTICS_silhouette": -0.2965401042181613,
    "OPTICS_davies_bouldin": 3.10214556853439,
    "OPTICS_calinski_harabasz": 9.195557017814735,
    "ferrari_distance_based": {
        "Mean": 0.6447926077497252,
        "Variance": 0.13680773354665512,
        "Standard deviation": 0.3698752945881289,
        "Skewness": 0.3176587656694155,
        "Kurtosis": -0.9618718502651489,
        "% of values in [0, 0.1]": 0.021476510067114093,
        "% of values in [0.1, 0.2]": 0.09574944071588366,
        "% of values in [0.2, 0.3]": 0.1141834451901566,
        "% of values in [0.3, 0.4]": 0.11024608501118568,
        "% of values in [0.4, 0.5]": 0.07919463087248323,
        "% of values in [0.5, 0.6]": 0.0632662192393736,
        "% of values in [0.6, 0.7]": 0.07328859060402684,
        "% of values in [0.7, 0.8]": 0.08796420581655481,
        "% of values in [0.8, 0.9]": 0.07597315436241611,
        "% of values in [0.9, 1]": 0.08008948545861297,
        "% of values with |Z-score| in [0,1)": 0.2979865771812081,
        "% of values with |Z-score| in [1,2)": 0.1679642058165548,
        "% of values with |Z-score| in [2,3)": 0.021208053691275167,
        "% of values with |Z-score| in [3, infinity)": 0
    },
    "correlation_based": {
        "Mean": -0.0006554794329270386,
        "Variance": 0.3847465971647316,
        "Standard deviation": 0.6202794508644726,
        "Skewness": -0.004892238774328151,
        "Kurtosis": -1.2692773618733455,
        "% of values in [0, 0.1]": 0.516599552572707,
        "% of values in [0.1, 0.2]": 0.07677852348993289,
        "% of values in [0.2, 0.3]": 0.007516778523489933,
        "% of values in [0.3, 0.4]": 0.16393736017897093,
        "% of values in [0.4, 0.5]": 0,
        "% of values in [0.5, 0.6]": 0.0007158836689038032,
        "% of values in [0.6, 0.7]": 0.033914988814317676,
        "% of values in [0.7, 0.8]": 0.13288590604026845,
        "% of values in [0.8, 0.9]": 0.0005369127516778523,
        "% of values in [0.9, 1]": 0.06711409395973154,
        "% of values with |Z-score| in [0,1)": 0.3004026845637584,
        "% of values with |Z-score| in [1,2)": 0.2174496644295302,
        "% of values with |Z-score| in [2,3)": 0,
        "% of values with |Z-score| in [3, infinity)": 0
    },
    "correlation_and_distance": {
        "Mean": 0.4528295947925379,
        "Variance": 0.028745623047934734,
        "Standard deviation": 0.16954534215936082,
        "Skewness": -0.07165080440379654,
        "Kurtosis": -0.43357954105550034,
        "% of values in [0, 0.1]": 0.017181208053691274,
        "% of values in [0.1, 0.2]": 0.06102908277404922,
        "% of values in [0.2, 0.3]": 0.11731543624161074,
        "% of values in [0.3, 0.4]": 0.17762863534675616,
        "% of values in [0.4, 0.5]": 0.22129753914988815,
        "% of values in [0.5, 0.6]": 0.20536912751677852,
        "% of values in [0.6, 0.7]": 0.1265324384787472,
        "% of values in [0.7, 0.8]": 0.06049217002237137,
        "% of values in [0.8, 0.9]": 0.011543624161073825,
        "% of values in [0.9, 1]": 0.001610738255033557,
        "% of values with |Z-score| in [0,1)": 0.34944071588366893,
        "% of values with |Z-score| in [1,2)": 0.14281879194630873,
        "% of values with |Z-score| in [2,3)": 0.014854586129753915,
        "% of values with |Z-score| in [3, infinity)": 0.00026845637583892615
    },
    "marcoge": {
        "marcoge_mf_1": 2.245145320892334,
        "marcoge_mf_2": 0,
        "marcoge_mf_3": 0,
        "marcoge_mf_4": 1.2944777011871338,
        "marcoge_mf_5": 0,
        "marcoge_mf_6": 0,
        "marcoge_mf_7": 0,
        "marcoge_mf_8": 0,
        "marcoge_mf_9": 0,
        "marcoge_mf_10": 0,
        "marcoge_mf_11": 0,
        "marcoge_mf_12": 0,
        "marcoge_mf_13": 0,
        "marcoge_mf_14": 2.5662455558776855,
        "marcoge_mf_15": 0.028855202719569206,
        "marcoge_mf_16": 1.8129276037216187,
        "marcoge_mf_17": 0,
        "marcoge_mf_18": 0,
        "marcoge_mf_19": 2.672088146209717,
        "marcoge_mf_20": 1.093666911125183,
        "marcoge_mf_21": 0,
        "marcoge_mf_22": 0,
        "marcoge_mf_23": 0,
        "marcoge_mf_24": 2.1863973140716553,
        "marcoge_mf_25": 0,
        "marcoge_mf_26": 0.27568328380584717,
        "marcoge_mf_27": 0,
        "marcoge_mf_28": 0,
        "marcoge_mf_29": 2.0840513706207275,
        "marcoge_mf_30": 0.04753003269433975,
        "marcoge_mf_31": 0,
        "marcoge_mf_32": 0,
        "marcoge_mf_33": 0,
        "marcoge_mf_34": 1.0929718017578125,
        "marcoge_mf_35": 0,
        "marcoge_mf_36": 0,
        "marcoge_mf_37": 0,
        "marcoge_mf_38": 1.8706258535385132,
        "marcoge_mf_39": 0,
        "marcoge_mf_40": 0.6967069506645203,
        "marcoge_mf_41": 0,
        "marcoge_mf_42": 0,
        "marcoge_mf_43": 0,
        "marcoge_mf_44": 0,
        "marcoge_mf_45": 0,
        "marcoge_mf_46": 0,
        "marcoge_mf_47": 0,
        "marcoge_mf_48": 0,
        "marcoge_mf_49": 2.1667582988739014,
        "marcoge_mf_50": 0,
        "marcoge_mf_51": 0,
        "marcoge_mf_52": 0,
        "marcoge_mf_53": 0,
        "marcoge_mf_54": 0,
        "marcoge_mf_55": 0,
        "marcoge_mf_56": 1.4278202056884766,
        "marcoge_mf_57": 0,
        "marcoge_mf_58": 0,
        "marcoge_mf_59": 0,
        "marcoge_mf_60": 0,
        "marcoge_mf_61": 0,
        "marcoge_mf_62": 0,
        "marcoge_mf_63": 1.3302829265594482,
        "marcoge_mf_64": 0,
        "marcoge_mf_65": 0,
        "marcoge_mf_66": 0.7374508380889893,
        "marcoge_mf_67": 0,
        "marcoge_mf_68": 2.016651153564453,
        "marcoge_mf_69": 1.0290985107421875,
        "marcoge_mf_70": 0,
        "marcoge_mf_71": 0.9154195189476013,
        "marcoge_mf_72": 2.3842432498931885,
        "marcoge_mf_73": 0,
        "marcoge_mf_74": 0,
        "marcoge_mf_75": 0,
        "marcoge_mf_76": 0,
        "marcoge_mf_77": 0,