{"log2_no_instances": 8.184875342908283, "log2_no_attributes": 5.727920454563199, "log10_no_instances": 5.673323267171493, "log10_no_attributes": 3.970291913552122, "instances_to_features": 5.490566037735849, "log_instances_to_features": 1.7030313536193706, "features_to_instances": 5.490566037735849, "log_features_to_instances": 1.7030313536193706, "Hopkin's statistic": 1.0, "pct_of_discrete_attributes": 0.0, "mean_entropy_of_discrete_attributes": 0, "mean_absolute_correlation_of_continuous_attributes": 0.37921704527823713, "mean_concentration_of_discrete_attributes": NaN, "pca_95_components_to_features_ratio": 0.6981132075471698, "pca_first_component_skewness": 2.2025493723620606, "pca_first_component_kurtosis": 8.197398034599292, "pct_of_outliers": 0.09621993127147767, "pct_of_mv": 0.0, "min_skewness_of_continuous_attributes": 0.02203484057156591, "max_skewness_of_continuous_attributes": 0.09325476932458912, "mean_skewness_of_continuous_attributes": 0.05764480494807751, "std_skewness_of_continuous_attributes": 0.03560996437651161, "min_kurtosis_of_continuous_attributes": 0.02203484057156591, "max_kurtosis_of_continuous_attributes": 0.09325476932458912, "mean_kurtosis_of_continuous_attributes": 0.05764480494807751, "std_kurtosis_of_continuous_attributes": 0.03560996437651161, "t_squared_mv_normality": 0.4845360824742268, "t_squared_skewness": 0.15217094624638072, "t_squared_outliers": 0.003436426116838488, "meanshift_silhouette": 0.46768912847006094, "meanshift_dunn": 0.9785719693044574, "meanshift_cindex": 2.002676876211622e-06, "meanshift_calinski_harabasz": 279.1698442150845, "meanshift_davies_bouldin": 0.8809196887680094, "meanshift_sdbw": NaN, "meanshift_cdbw": null, "meanshift_tau": 1.6878328273064608e-09, "meanshift_ratkowsky_lance": 0.45397758257359416, "meanshift_mcclain_rao": 0.5075714080629391, "DBSCAN_silhouette": null, "DBSCAN_davies_bouldin": null, "DBSCAN_calinski_harabasz": null, "OPTICS_silhouette": 0.2844711011586903, "OPTICS_davies_bouldin": 2.242033191904992, "OPTICS_calinski_harabasz": 186.98019064498337, "ferrari_distance_based": {"Mean": 2.077612208380985, "Variance": 0.3638960279016225, "Standard deviation": 0.6032379529684969, "Skewness": -0.535269883676545, "Kurtosis": -1.369994467056119, "% of values in [0, 0.1]": 0.0, "% of values in [0.1, 0.2]": 0.0, "% of values in [0.2, 0.3]": 0.0, "% of values in [0.3, 0.4]": 0.0, "% of values in [0.4, 0.5]": 0.0, "% of values in [0.5, 0.6]": 0.0, "% of values in [0.6, 0.7]": 0.0, "% of values in [0.7, 0.8]": 2.369949046095509e-05, "% of values in [0.8, 0.9]": 0.0006161867519848324, "% of values in [0.9, 1]": 0.005166488920488209, "% of values with |Z-score| in [0,1)": 0.5379784334636806, "% of values with |Z-score| in [1,2)": 0.11354425879843584, "% of values with |Z-score| in [2,3)": 0.0, "% of values with |Z-score| in [3, infinity)": 0.0}, "correlation_based": {"Mean": -0.003390239458273164, "Variance": 0.019224700554960512, "Standard deviation": 0.13865316640798547, "Skewness": 0.0044591783463454465, "Kurtosis": -0.10108495339442714, "% of values in [0, 0.1]": 0.7706126318284157, "% of values in [0.1, 0.2]": 0.15798080341272663, "% of values in [0.2, 0.3]": 0.05761346131058182, "% of values in [0.3, 0.4]": 0.012015641663704231, "% of values in [0.4, 0.5]": 0.0017300628036497215, "% of values in [0.5, 0.6]": 4.739898092191018e-05, "% of values in [0.6, 0.7]": 0.0, "% of values in [0.7, 0.8]": 0.0, "% of values in [0.8, 0.9]": 0.0, "% of values in [0.9, 1]": 0.0, "% of values with |Z-score| in [0,1)": 0.3418888493897381, "% of values with |Z-score| in [1,2)": 0.138262827349212, "% of values with |Z-score| in [2,3)": 0.020974049057945254, "% of values with |Z-score| in [3, infinity)": 0.0012560729944306197}, "correlation_and_distance": {"Mean": 0.5365707846757956, "Variance": 0.046888197096443575, "Standard deviation": 0.21653682619001224, "Skewness": -0.49719966401334564, "Kurtosis": -1.2343162551666838, "% of values in [0, 0.1]": 0.0034127266263775328, "% of values in [0.1, 0.2]": 0.07090887545917762, "% of values in [0.2, 0.3]": 0.18196468775921318, "% of values in [0.3, 0.4]": 0.07043488564995852, "% of values in [0.4, 0.5]": 0.018106410712169688, "% of values in [0.5, 0.6]": 0.11216968835170044, "% of values in [0.6, 0.7]": 0.2656949875577675, "% of values in [0.7, 0.8]": 0.22751510842516887, "% of values in [0.8, 0.9]": 0.04827586206896552, "% of values in [0.9, 1]": 0.0015167673895011258, "% of values with |Z-score| in [0,1)": 0.5003673421021448, "% of values with |Z-score| in [1,2)": 0.13098708377769877, "% of values with |Z-score| in [2,3)": 9.479796184382036e-05, "% of values with |Z-score| in [3, infinity)": 0.0}, "marcoge": null}