{"log2_no_instances": 8.558420713268664, "log2_no_attributes": 3.0, "log10_no_instances": 5.932245187448011, "log10_no_attributes": 2.0794415416798357, "instances_to_features": 47.125, "log_instances_to_features": 3.8528036457681747, "features_to_instances": 47.125, "log_features_to_instances": 3.8528036457681747, "Hopkin's statistic": 0.9998527816040869, "pct_of_discrete_attributes": 0.0, "mean_entropy_of_discrete_attributes": 0, "mean_absolute_correlation_of_continuous_attributes": 0.2965162719917069, "mean_concentration_of_discrete_attributes": NaN, "pca_95_components_to_features_ratio": 0.75, "pca_first_component_skewness": 0.6284407438233448, "pca_first_component_kurtosis": -0.7222340802094767, "pct_of_outliers": 0.1273209549071618, "pct_of_mv": 0.0, "min_skewness_of_continuous_attributes": 0.02203484057156591, "max_skewness_of_continuous_attributes": 0.09325476932458912, "mean_skewness_of_continuous_attributes": 0.05764480494807751, "std_skewness_of_continuous_attributes": 0.03560996437651161, "min_kurtosis_of_continuous_attributes": 0.02203484057156591, "max_kurtosis_of_continuous_attributes": 0.09325476932458912, "mean_kurtosis_of_continuous_attributes": 0.05764480494807751, "std_kurtosis_of_continuous_attributes": 0.03560996437651161, "t_squared_mv_normality": 0.4562334217506631, "t_squared_skewness": 0.6180058995239536, "t_squared_outliers": 0.002652519893899204, "meanshift_silhouette": null, "meanshift_dunn": null, "meanshift_cindex": Infinity, "meanshift_calinski_harabasz": null, "meanshift_davies_bouldin": null, "meanshift_sdbw": null, "meanshift_cdbw": null, "meanshift_tau": null, "meanshift_ratkowsky_lance": 9.273566623609739e-16, "meanshift_mcclain_rao": null, "DBSCAN_silhouette": 0.3036012000607648, "DBSCAN_davies_bouldin": 0.9200878040148205, "DBSCAN_calinski_harabasz": 117.35385668363755, "OPTICS_silhouette": -0.26000772577853015, "OPTICS_davies_bouldin": 1.3866449647938999, "OPTICS_calinski_harabasz": 21.72699479520463, "ferrari_distance_based": {"Mean": 0.875692766684434, "Variance": 0.08484583406342061, "Standard deviation": 0.2912830823501781, "Skewness": -0.2503930862152391, "Kurtosis": -0.23443669314598736, "% of values in [0, 0.1]": 1.4109148371804278e-05, "% of values in [0.1, 0.2]": 0.0038800158022461763, "% of values in [0.2, 0.3]": 0.030687397708674305, "% of values in [0.3, 0.4]": 0.05842598340764151, "% of values in [0.4, 0.5]": 0.042948247643772225, "% of values in [0.5, 0.6]": 0.03311417122862464, "% of values in [0.6, 0.7]": 0.05897624019414188, "% of values in [0.7, 0.8]": 0.1184180822845533, "% of values in [0.8, 0.9]": 0.1652745640273153, "% of values in [0.9, 1]": 0.1606326542129917, "% of values with |Z-score| in [0,1)": 0.37218522489982503, "% of values with |Z-score| in [1,2)": 0.141796941136633, "% of values with |Z-score| in [2,3)": 0.01496980642248434, "% of values with |Z-score| in [3, infinity)": 0.00011287318697443423}, "correlation_based": {"Mean": -0.002427665464873944, "Variance": 0.14213775274366985, "Standard deviation": 0.37701160823464025, "Skewness": 0.003998930892280835, "Kurtosis": -0.584786662497478, "% of values in [0, 0.1]": 0.604816863254134, "% of values in [0.1, 0.2]": 0.08727919182798126, "% of values in [0.2, 0.3]": 0.08039392742254077, "% of values in [0.3, 0.4]": 0.06718776454653197, "% of values in [0.4, 0.5]": 0.05533607991421638, "% of values in [0.5, 0.6]": 0.04894463570178904, "% of values in [0.6, 0.7]": 0.0277103674022236, "% of values in [0.7, 0.8]": 0.017890400135447824, "% of values in [0.8, 0.9]": 0.008437270726338958, "% of values in [0.9, 1]": 0.0020034990687962076, "% of values with |Z-score| in [0,1)": 0.33293357412946556, "% of values with |Z-score| in [1,2)": 0.15833286302838762, "% of values with |Z-score| in [2,3)": 0.017594108019639936, "% of values with |Z-score| in [3, infinity)": 0.0}, "correlation_and_distance": {"Mean": 0.485704221098585, "Variance": 0.021081639981513838, "Standard deviation": 0.14519517891966605, "Skewness": -0.06468701564515453, "Kurtosis": -0.2606306959854421, "% of values in [0, 0.1]": 0.00293470286133529, "% of values in [0.1, 0.2]": 0.02305434843952819, "% of values in [0.2, 0.3]": 0.07939217788814266, "% of values in [0.3, 0.4]": 0.17570122467407867, "% of values in [0.4, 0.5]": 0.2514532422822958, "% of values in [0.5, 0.6]": 0.24377786556803432, "% of values in [0.6, 0.7]": 0.15386026299452565, "% of values in [0.7, 0.8]": 0.0583836559625261, "% of values in [0.8, 0.9]": 0.010807607652802077, "% of values in [0.9, 1]": 0.0006349116767311925, "% of values with |Z-score| in [0,1)": 0.34025622213443196, "% of values with |Z-score| in [1,2)": 0.14590270331282804, "% of values with |Z-score| in [2,3)": 0.018821603927986905, "% of values with |Z-score| in [3, infinity)": 0.000253964670692477}, "marcoge": null}