{"log2_no_instances": 8.632995197142957, "log2_no_attributes": 5.643856189774724, "log10_no_instances": 5.983936280687191, "log10_no_attributes": 3.912023005428146, "instances_to_features": 7.94, "log_instances_to_features": 2.0719132752590443, "features_to_instances": 7.94, "log_features_to_instances": 2.0719132752590443, "Hopkin's statistic": 1.0, "pct_of_discrete_attributes": 0.0, "mean_entropy_of_discrete_attributes": 0, "mean_absolute_correlation_of_continuous_attributes": 0.3215832275947015, "mean_concentration_of_discrete_attributes": NaN, "pca_95_components_to_features_ratio": 0.64, "pca_first_component_skewness": 3.30762883465601, "pca_first_component_kurtosis": 12.277876184881947, "pct_of_outliers": 0.3198992443324937, "pct_of_mv": 0.0, "min_skewness_of_continuous_attributes": 0.02203484057156591, "max_skewness_of_continuous_attributes": 0.09325476932458912, "mean_skewness_of_continuous_attributes": 0.05764480494807751, "std_skewness_of_continuous_attributes": 0.03560996437651161, "min_kurtosis_of_continuous_attributes": 0.02203484057156591, "max_kurtosis_of_continuous_attributes": 0.09325476932458912, "mean_kurtosis_of_continuous_attributes": 0.05764480494807751, "std_kurtosis_of_continuous_attributes": 0.03560996437651161, "t_squared_mv_normality": 0.47103274559193953, "t_squared_skewness": 0.39813923428347425, "t_squared_outliers": 0.0025188916876574307, "meanshift_silhouette": null, "meanshift_dunn": null, "meanshift_cindex": Infinity, "meanshift_calinski_harabasz": null, "meanshift_davies_bouldin": null, "meanshift_sdbw": null, "meanshift_cdbw": null, "meanshift_tau": null, "meanshift_ratkowsky_lance": 1.4060572720621742e-15, "meanshift_mcclain_rao": null, "DBSCAN_silhouette": null, "DBSCAN_davies_bouldin": null, "DBSCAN_calinski_harabasz": null, "OPTICS_silhouette": 0.5116600732299484, "OPTICS_davies_bouldin": 0.7818699982923848, "OPTICS_calinski_harabasz": 323.08865962076425, "ferrari_distance_based": {"Mean": 2.094015100992981, "Variance": 0.31300374284132954, "Standard deviation": 0.5594673742420817, "Skewness": -1.097978983200271, "Kurtosis": -0.152983857886968, "% of values in [0, 0.1]": 0.0, "% of values in [0.1, 0.2]": 0.0, "% of values in [0.2, 0.3]": 0.0, "% of values in [0.3, 0.4]": 0.0, "% of values in [0.4, 0.5]": 0.0, "% of values in [0.5, 0.6]": 0.0, "% of values in [0.6, 0.7]": 5.088670076075618e-05, "% of values in [0.7, 0.8]": 0.0017174261506755209, "% of values in [0.8, 0.9]": 0.016029310739638196, "% of values in [0.9, 1]": 0.05014884359972521, "% of values with |Z-score| in [0,1)": 0.625639264178307, "% of values with |Z-score| in [1,2)": 0.071063277612396, "% of values with |Z-score| in [2,3)": 0.0, "% of values with |Z-score| in [3, infinity)": 0.0}, "correlation_based": {"Mean": -0.0024796067108694064, "Variance": 0.0203507468555227, "Standard deviation": 0.14265604388010591, "Skewness": 0.010497205888077028, "Kurtosis": -0.0739774685390624, "% of values in [0, 0.1]": 0.7612777650561026, "% of values in [0.1, 0.2]": 0.16016589064448006, "% of values in [0.2, 0.3]": 0.06227260005597537, "% of values in [0.3, 0.4]": 0.014044729409968705, "% of values in [0.4, 0.5]": 0.002060911380810625, "% of values in [0.5, 0.6]": 0.0001781034526626466, "% of values in [0.6, 0.7]": 0.0, "% of values in [0.7, 0.8]": 0.0, "% of values in [0.8, 0.9]": 0.0, "% of values in [0.9, 1]": 0.0, "% of values with |Z-score| in [0,1)": 0.3363865353789787, "% of values with |Z-score| in [1,2)": 0.1397984886649874, "% of values with |Z-score| in [2,3)": 0.02064727883367682, "% of values with |Z-score| in [3, infinity)": 0.0013484975701600387}, "correlation_and_distance": {"Mean": 0.582754039236537, "Variance": 0.03787872143212654, "Standard deviation": 0.19462456533574207, "Skewness": -1.0019738189567289, "Kurtosis": -0.1302943061646391, "% of values in [0, 0.1]": 0.003129532096786505, "% of values in [0.1, 0.2]": 0.059181232984759434, "% of values in [0.2, 0.3]": 0.11154364806757754, "% of values in [0.3, 0.4]": 0.023840419306414267, "% of values in [0.4, 0.5]": 0.02193216802788591, "% of values in [0.5, 0.6]": 0.15369055797267384, "% of values in [0.6, 0.7]": 0.32554766811693764, "% of values in [0.7, 0.8]": 0.2447904740096176, "% of values in [0.8, 0.9]": 0.05391445945602117, "% of values in [0.9, 1]": 0.0024298399613261073, "% of values with |Z-score| in [0,1)": 0.5768134747983614, "% of values with |Z-score| in [1,2)": 0.09211765005215887, "% of values with |Z-score| in [2,3)": 5.088670076075618e-05, "% of values with |Z-score| in [3, infinity)": 0.0}, "marcoge": null}