{"log2_no_instances": 8.721099188707186, "log2_no_attributes": 6.409390936137702, "log10_no_instances": 6.045005314036012, "log10_no_attributes": 4.442651256490317, "instances_to_features": 4.964705882352941, "log_instances_to_features": 1.6023540575456954, "features_to_instances": 4.964705882352941, "log_features_to_instances": 1.6023540575456954, "Hopkin's statistic": 1.0, "pct_of_discrete_attributes": 0.0, "mean_entropy_of_discrete_attributes": 0, "mean_absolute_correlation_of_continuous_attributes": 0.27789075598983576, "mean_concentration_of_discrete_attributes": NaN, "pca_95_components_to_features_ratio": 0.3058823529411765, "pca_first_component_skewness": 1.8776278255820003, "pca_first_component_kurtosis": 11.944704414840768, "pct_of_outliers": 0.46445497630331756, "pct_of_mv": 0.0, "min_skewness_of_continuous_attributes": 0.02203484057156591, "max_skewness_of_continuous_attributes": 0.09325476932458912, "mean_skewness_of_continuous_attributes": 0.05764480494807751, "std_skewness_of_continuous_attributes": 0.03560996437651161, "min_kurtosis_of_continuous_attributes": 0.02203484057156591, "max_kurtosis_of_continuous_attributes": 0.09325476932458912, "mean_kurtosis_of_continuous_attributes": 0.05764480494807751, "std_kurtosis_of_continuous_attributes": 0.03560996437651161, "t_squared_mv_normality": 0.5023696682464455, "t_squared_skewness": 0.22272494261279108, "t_squared_outliers": 0.002369668246445498, "meanshift_silhouette": null, "meanshift_dunn": null, "meanshift_cindex": Infinity, "meanshift_calinski_harabasz": null, "meanshift_davies_bouldin": null, "meanshift_sdbw": null, "meanshift_cdbw": null, "meanshift_tau": null, "meanshift_ratkowsky_lance": 1.2054741425157838e-15, "meanshift_mcclain_rao": null, "DBSCAN_silhouette": null, "DBSCAN_davies_bouldin": null, "DBSCAN_calinski_harabasz": null, "OPTICS_silhouette": 0.6838116131572471, "OPTICS_davies_bouldin": 0.4655188880576384, "OPTICS_calinski_harabasz": 567.5757981990746, "ferrari_distance_based": {"Mean": 3.0215357270510035, "Variance": 0.6283335567982943, "Standard deviation": 0.7926749376625291, "Skewness": -2.0579445688940368, "Kurtosis": 2.6877452671603663, "% of values in [0, 0.1]": 0.0, "% of values in [0.1, 0.2]": 0.0, "% of values in [0.2, 0.3]": 0.0, "% of values in [0.3, 0.4]": 0.0, "% of values in [0.4, 0.5]": 0.0, "% of values in [0.5, 0.6]": 0.0, "% of values in [0.6, 0.7]": 1.1257331337033242e-05, "% of values in [0.7, 0.8]": 0.002093863628688183, "% of values in [0.8, 0.9]": 0.02298747059022188, "% of values in [0.9, 1]": 0.05870698292262836, "% of values with |Z-score| in [0,1)": 0.8063176143463431, "% of values with |Z-score| in [1,2)": 0.0013508797604439892, "% of values with |Z-score| in [2,3)": 0.0, "% of values with |Z-score| in [3, infinity)": 0.0}, "correlation_based": {"Mean": -0.002351393179101125, "Variance": 0.011890264835010081, "Standard deviation": 0.10904249096113901, "Skewness": -0.007349721231422495, "Kurtosis": -0.047908480431910316, "% of values in [0, 0.1]": 0.8250948430165145, "% of values in [0.1, 0.2]": 0.1436885771858923, "% of values in [0.2, 0.3]": 0.028717452240771803, "% of values in [0.3, 0.4]": 0.0024315835687991807, "% of values in [0.4, 0.5]": 6.754398802219946e-05, "% of values in [0.5, 0.6]": 0.0, "% of values in [0.6, 0.7]": 0.0, "% of values in [0.7, 0.8]": 0.0, "% of values in [0.8, 0.9]": 0.0, "% of values in [0.9, 1]": 0.0, "% of values with |Z-score| in [0,1)": 0.3411421688374554, "% of values with |Z-score| in [1,2)": 0.137148067679076, "% of values with |Z-score| in [2,3)": 0.021062466931589197, "% of values with |Z-score| in [3, infinity)": 0.001114475802366291}, "correlation_and_distance": {"Mean": 0.7007806016510276, "Variance": 0.04896226935161117, "Standard deviation": 0.22127419495189937, "Skewness": -2.000863514452561, "Kurtosis": 2.586285817933203, "% of values in [0, 0.1]": 0.023662910470443877, "% of values in [0.1, 0.2]": 0.09521450844862717, "% of values in [0.2, 0.3]": 0.0040526392813319675, "% of values in [0.3, 0.4]": 0.0, "% of values in [0.4, 0.5]": 0.0, "% of values in [0.5, 0.6]": 0.00208260629735115, "% of values in [0.6, 0.7]": 0.09019373867231034, "% of values in [0.7, 0.8]": 0.4413099030743772, "% of values in [0.8, 0.9]": 0.32463892109736464, "% of values in [0.9, 1]": 0.018833515326856617, "% of values with |Z-score| in [0,1)": 0.7760353930497237, "% of values with |Z-score| in [1,2)": 0.0066868548141977464, "% of values with |Z-score| in [2,3)": 0.0, "% of values with |Z-score| in [3, infinity)": 0.0}, "marcoge": {"marcoge_mf_1": 2.302382469177246, "marcoge_mf_2": 0.0, "marcoge_mf_3": 0.0, "marcoge_mf_4": 1.3175227642059326, "marcoge_mf_5": 0.0, "marcoge_mf_6": 0.0, "marcoge_mf_7": 0.0, "marcoge_mf_8": 0.0, "marcoge_mf_9": 0.0, "marcoge_mf_10": 0.0, "marcoge_mf_11": 0.0, "marcoge_mf_12": 0.0, "marcoge_mf_13": 0.0, "marcoge_mf_14": 2.6295385360717773, "marcoge_mf_15": 0.023827023804187775, "marcoge_mf_16": 1.865512490272522, "marcoge_mf_17": 0.0, "marcoge_mf_18": 0.0, "marcoge_mf_19": 2.7373299598693848, "marcoge_mf_20": 1.1278146505355835, "marcoge_mf_21": 0.0, "marcoge_mf_22": 0.0, "marcoge_mf_23": 0.0, "marcoge_mf_24": 2.234889030456543, "marcoge_mf_25": 0.0, "marcoge_mf_26": 0.28857412934303284, "marcoge_mf_27": 0.0, "marcoge_mf_28": 0.0, "marcoge_mf_29": 2.1267433166503906, "marcoge_mf_30": 0.04859505966305733, "marcoge_mf_31": 0.0, "marcoge_mf_32": 0.0, "marcoge_mf_33": 0.0, "marcoge_mf_34": 1.1115374565124512, "marcoge_mf_35": 0.0, "marcoge_mf_36": 0.0, "marcoge_mf_37": 0.0, "marcoge_mf_38": 1.910874605178833, "marcoge_mf_39": 0.0, "marcoge_mf_40": 0.7158324718475342, "marcoge_mf_41": 0.0, "marcoge_mf_42": 0.0, "marcoge_mf_43": 0.0, "marcoge_mf_44": 0.0, "marcoge_mf_45": 0.0, "marcoge_mf_46": 0.0, "marcoge_mf_47": 0.0, "marcoge_mf_48": 0.0, "marcoge_mf_49": 2.2204442024230957, "marcoge_mf_50": 0.0, "marcoge_mf_51": 0.0, "marcoge_mf_52": 0.0, "marcoge_mf_53": 0.0, "marcoge_mf_54": 0.0, "marcoge_mf_55": 0.0, "marcoge_mf_56": 1.4608430862426758, "marcoge_mf_57": 0.0, "marcoge_mf_58": 0.0, "marcoge_mf_59": 0.0, "marcoge_mf_60": 0.0, "marcoge_mf_61": 0.0, "marcoge_mf_62": 0.0, "marcoge_mf_63": 1.3642578125, "marcoge_mf_64": 0.0, "marcoge_mf_65": 0.0, "marcoge_mf_66": 0.7591423392295837, "marcoge_mf_67": 0.0, "marcoge_mf_68": 2.0634336471557617, "marcoge_mf_69": 1.0570005178451538, "marcoge_mf_70": 0.0, "marcoge_mf_71": 0.9398821592330933, "marcoge_mf_72": 2.436779499053955, "marcoge_mf_73": 0.0, "marcoge_mf_74": 0.0, "marcoge_mf_75": 0.0, "marcoge_mf_76": 0.0, "marcoge_mf_77": 0.0, "marcoge_mf_78": 1.192371129989624, "marcoge_mf_79": 1.9737467765808105, "marcoge_mf_80": 0.0, "marcoge_mf_81": 1.5225483179092407, "marcoge_mf_82": 0.0, "marcoge_mf_83": 1.420060396194458, "marcoge_mf_84": 0.0, "marcoge_mf_85": 0.0, "marcoge_mf_86": 0.0, "marcoge_mf_87": 0.0, "marcoge_mf_88": 0.0, "marcoge_mf_89": 0.0, "marcoge_mf_90": 0.25585025548934937, "marcoge_mf_91": 1.2381707429885864, "marcoge_mf_92": 0.0, "marcoge_mf_93": 0.0, "marcoge_mf_94": 2.1358141899108887, "marcoge_mf_95": 0.31032276153564453, "marcoge_mf_96": 0.0, "marcoge_mf_97": 0.0, "marcoge_mf_98": 0.0, "marcoge_mf_99": 0.0, "marcoge_mf_100": 0.0, "marcoge_mf_101": 0.0, "marcoge_mf_102": 0.0, "marcoge_mf_103": 0.0, "marcoge_mf_104": 1.559722661972046, "marcoge_mf_105": 2.612212657928467, "marcoge_mf_106": 2.690398693084717, "marcoge_mf_107": 0.0, "marcoge_mf_108": 1.4499105215072632, "marcoge_mf_109": 0.974396824836731, "marcoge_mf_110": 1.7805052995681763, "marcoge_mf_111": 0.0, "marcoge_mf_112": 0.0, "marcoge_mf_113": 0.8977934718132019, "marcoge_mf_114": 0.44830116629600525, "marcoge_mf_115": 0.0, "marcoge_mf_116": 1.1792900562286377, "marcoge_mf_117": 1.1168478727340698, "marcoge_mf_118": 0.0, "marcoge_mf_119": 1.1322274208068848, "marcoge_mf_120": 0.0, "marcoge_mf_121": 2.1374571323394775, "marcoge_mf_122": 0.0, "marcoge_mf_123": 1.1708309650421143, "marcoge_mf_124": 0.0, "marcoge_mf_125": 1.3777236938476562, "marcoge_mf_126": 0.0,