{"log2_no_instances": 8.252665432450248, "log2_no_attributes": 5.727920454563199, "log10_no_instances": 5.720311776607412, "log10_no_attributes": 3.970291913552122, "instances_to_features": 5.754716981132075, "log_instances_to_features": 1.7500198630552897, "features_to_instances": 5.754716981132075, "log_features_to_instances": 1.7500198630552897, "Hopkin's statistic": 1.0, "pct_of_discrete_attributes": 0.0, "mean_entropy_of_discrete_attributes": 0, "mean_absolute_correlation_of_continuous_attributes": 0.3566883508158023, "mean_concentration_of_discrete_attributes": NaN, "pca_95_components_to_features_ratio": 0.09433962264150944, "pca_first_component_skewness": 0.6369717498137869, "pca_first_component_kurtosis": 11.495716126910839, "pct_of_outliers": 0.5442622950819672, "pct_of_mv": 0.0, "min_skewness_of_continuous_attributes": 0.02203484057156591, "max_skewness_of_continuous_attributes": 0.09325476932458912, "mean_skewness_of_continuous_attributes": 0.05764480494807751, "std_skewness_of_continuous_attributes": 0.03560996437651161, "min_kurtosis_of_continuous_attributes": 0.02203484057156591, "max_kurtosis_of_continuous_attributes": 0.09325476932458912, "mean_kurtosis_of_continuous_attributes": 0.05764480494807751, "std_kurtosis_of_continuous_attributes": 0.03560996437651161, "t_squared_mv_normality": 0.4918032786885246, "t_squared_skewness": 0.2079315483240671, "t_squared_outliers": 0.003278688524590164, "meanshift_silhouette": null, "meanshift_dunn": null, "meanshift_cindex": Infinity, "meanshift_calinski_harabasz": null, "meanshift_davies_bouldin": null, "meanshift_sdbw": null, "meanshift_cdbw": null, "meanshift_tau": null, "meanshift_ratkowsky_lance": 1.0006663353651184e-15, "meanshift_mcclain_rao": null, "DBSCAN_silhouette": 0.014094114080842834, "DBSCAN_davies_bouldin": 1.5180950440140666, "DBSCAN_calinski_harabasz": 44.80085038341516, "OPTICS_silhouette": 0.7746408112567262, "OPTICS_davies_bouldin": 0.322988145201828, "OPTICS_calinski_harabasz": 1170.24443490474, "ferrari_distance_based": {"Mean": 2.5912439929533204, "Variance": 0.8094971056711163, "Standard deviation": 0.8997205708836029, "Skewness": -1.6418925159139115, "Kurtosis": 0.9845641803398197, "% of values in [0, 0.1]": 0.0, "% of values in [0.1, 0.2]": 0.0, "% of values in [0.2, 0.3]": 0.0, "% of values in [0.3, 0.4]": 2.1570319240724762e-05, "% of values in [0.4, 0.5]": 0.00638481449525453, "% of values in [0.5, 0.6]": 0.07066436583261432, "% of values in [0.6, 0.7]": 0.07504314063848146, "% of values in [0.7, 0.8]": 0.011238136324417601, "% of values in [0.8, 0.9]": 0.0005823986194995686, "% of values in [0.9, 1]": 0.0, "% of values with |Z-score| in [0,1)": 0.7993528904227782, "% of values with |Z-score| in [1,2)": 0.0005392579810181191, "% of values with |Z-score| in [2,3)": 0.0, "% of values with |Z-score| in [3, infinity)": 0.0}, "correlation_based": {"Mean": -0.0032016373929428087, "Variance": 0.01924831867980434, "Standard deviation": 0.13873831006540457, "Skewness": -0.016215627835359334, "Kurtosis": -0.12431954875369655, "% of values in [0, 0.1]": 0.7698015530629854, "% of values in [0.1, 0.2]": 0.1573123382226057, "% of values in [0.2, 0.3]": 0.05985763589301122, "% of values in [0.3, 0.4]": 0.011993097497842968, "% of values in [0.4, 0.5]": 0.0009706643658326143, "% of values in [0.5, 0.6]": 6.47109577221743e-05, "% of values in [0.6, 0.7]": 0.0, "% of values in [0.7, 0.8]": 0.0, "% of values in [0.8, 0.9]": 0.0, "% of values in [0.9, 1]": 0.0, "% of values with |Z-score| in [0,1)": 0.3417169974115617, "% of values with |Z-score| in [1,2)": 0.13906384814495254, "% of values with |Z-score| in [2,3)": 0.020901639344262295, "% of values with |Z-score| in [3, infinity)": 0.0007118205349439171}, "correlation_and_distance": {"Mean": 0.6682455974215195, "Variance": 0.059160599674411556, "Standard deviation": 0.24322952056527095, "Skewness": -1.5867904029946807, "Kurtosis": 0.9430259589580379, "% of values in [0, 0.1]": 0.02929249352890423, "% of values in [0.1, 0.2]": 0.12370578084555651, "% of values in [0.2, 0.3]": 0.010936151855047455, "% of values in [0.3, 0.4]": 0.0, "% of values in [0.4, 0.5]": 0.0, "% of values in [0.5, 0.6]": 0.0035159620362381363, "% of values in [0.6, 0.7]": 0.12558239861949957, "% of values in [0.7, 0.8]": 0.405565142364107, "% of values in [0.8, 0.9]": 0.2853753235547886, "% of values in [0.9, 1]": 0.016026747195858497, "% of values with |Z-score| in [0,1)": 0.7676229508196721, "% of values with |Z-score| in [1,2)": 0.008800690250215704, "% of values with |Z-score| in [2,3)": 0.0, "% of values with |Z-score| in [3, infinity)": 0.0}, "marcoge": {"marcoge_mf_1": 2.323484182357788, "marcoge_mf_2": 0.0, "marcoge_mf_3": 0.0, "marcoge_mf_4": 1.3288402557373047, "marcoge_mf_5": 0.0, "marcoge_mf_6": 0.0, "marcoge_mf_7": 0.0, "marcoge_mf_8": 0.0, "marcoge_mf_9": 0.0, "marcoge_mf_10": 0.0, "marcoge_mf_11": 0.0, "marcoge_mf_12": 0.0, "marcoge_mf_13": 0.0, "marcoge_mf_14": 2.6506783962249756, "marcoge_mf_15": 0.0229738038033247, "marcoge_mf_16": 1.8760792016983032, "marcoge_mf_17": 0.0, "marcoge_mf_18": 0.0, "marcoge_mf_19": 2.7582714557647705, "marcoge_mf_20": 1.1368061304092407, "marcoge_mf_21": 0.0, "marcoge_mf_22": 0.0, "marcoge_mf_23": 0.0, "marcoge_mf_24": 2.2572033405303955, "marcoge_mf_25": 0.0, "marcoge_mf_26": 0.28642624616622925, "marcoge_mf_27": 0.0, "marcoge_mf_28": 0.0, "marcoge_mf_29": 2.140840530395508, "marcoge_mf_30": 0.05445585399866104, "marcoge_mf_31": 0.0, "marcoge_mf_32": 0.0, "marcoge_mf_33": 0.0, "marcoge_mf_34": 1.1255412101745605, "marcoge_mf_35": 0.0, "marcoge_mf_36": 0.0, "marcoge_mf_37": 0.0, "marcoge_mf_38": 1.9313074350357056, "marcoge_mf_39": 0.0, "marcoge_mf_40": 0.7188910245895386, "marcoge_mf_41": 0.0, "marcoge_mf_42": 0.0, "marcoge_mf_43": 0.0, "marcoge_mf_44": 0.0, "marcoge_mf_45": 0.0, "marcoge_mf_46": 0.0, "marcoge_mf_47": 0.0, "marcoge_mf_48": 0.0, "marcoge_mf_49": 2.2415661811828613, "marcoge_mf_50": 0.0, "marcoge_mf_51": 0.0, "marcoge_mf_52": 0.0, "marcoge_mf_53": 0.0, "marcoge_mf_54": 0.0, "marcoge_mf_55": 0.0, "marcoge_mf_56": 1.4759244918823242, "marcoge_mf_57": 0.0, "marcoge_mf_58": 0.0, "marcoge_mf_59": 0.0, "marcoge_mf_60": 0.0, "marcoge_mf_61": 0.0, "marcoge_mf_62": 0.0, "marcoge_mf_63": 1.3768160343170166, "marcoge_mf_64": 0.0, "marcoge_mf_65": 0.0, "marcoge_mf_66": 0.7641350626945496, "marcoge_mf_67": 0.0, "marcoge_mf_68": 2.078695058822632, "marcoge_mf_69": 1.0690556764602661, "marcoge_mf_70": 0.0, "marcoge_mf_71": 0.942359209060669, "marcoge_mf_72": 2.4524691104888916, "marcoge_mf_73": 0.0, "marcoge_mf_74": 0.0, "marcoge_mf_75": 0.0, "marcoge_mf_76": 0.0, "marcoge_mf_77": 0.0, "marcoge_mf_78": 1.205916166305542, "marcoge_mf_79": 1.9880727529525757, "marcoge_mf_80": 0.0, "marcoge_mf_81": 1.5333017110824585, "marcoge_mf_82": 0.0, "marcoge_mf_83": 1.4282034635543823, "marcoge_mf_84": 0.0, "marcoge_mf_85": 0.0, "marcoge_mf_86": 0.0, "marcoge_mf_87": 0.0, "marcoge_mf_88": 0.0, "marcoge_mf_89": 0.0, "marcoge_mf_90": 0.2566205859184265, "marcoge_mf_91": 1.2512892484664917, "marcoge_mf_92": 0.0, "marcoge_mf_93": 0.0, "marcoge_mf_94": 2.151007890701294, "marcoge_mf_95": 0.3127729892730713, "marcoge_mf_96": 0.0, "marcoge_mf_97": 0.0, "marcoge_mf_98": 0.0, "marcoge_mf_99": 0.0, "marcoge_mf_100": 0.0, "marcoge_mf_101": 0.0, "marcoge_mf_102": 0.0, "marcoge_mf_103": 0.0, "marcoge_mf_104": 1.579733967781067, "marcoge_mf_105": 2.633256435394287, "marcoge_mf_106": 2.708998680114746, "marcoge_mf_107": 0.0, "marcoge_mf_108": 1.4539525508880615, "marcoge_mf_109": 0.977979838848114, "marcoge_mf_110": 1.792681336402893, "marcoge_mf_111": 0.0, "marcoge_mf_112": 0.0, "marcoge_mf_113": 0.9045047163963318, "marcoge_mf_114": 0.4541673958301544, "marcoge_mf_115": 0.0, "marcoge_mf_116": 1.1900269985198975, "marcoge_mf_117": 1.1268891096115112, "marcoge_mf_118": 0.0, "marcoge_mf_119": 1.1406340599060059, "marcoge_mf_120": 0.0, "marcoge_mf_121": 2.157179594039917, "marcoge_mf_122": 0.0, "marcoge_mf_123": 1.1795599460601807,