{"log2_no_instances": 7.672425341971495, "log2_no_attributes": 6.321928094887363, "log10_no_instances": 5.318119993844216, "log10_no_attributes": 4.382026634673881, "instances_to_features": 2.55, "log_instances_to_features": 0.9360933591703348, "features_to_instances": 2.55, "log_features_to_instances": 0.9360933591703348, "Hopkin's statistic": 1.0, "pct_of_discrete_attributes": 0.0, "mean_entropy_of_discrete_attributes": 0, "mean_absolute_correlation_of_continuous_attributes": 0.2737175912900342, "mean_concentration_of_discrete_attributes": NaN, "pca_95_components_to_features_ratio": 0.275, "pca_first_component_skewness": 0.48393913467455824, "pca_first_component_kurtosis": 11.917462522081976, "pct_of_outliers": 0.43137254901960786, "pct_of_mv": 0.0, "min_skewness_of_continuous_attributes": 0.02203484057156591, "max_skewness_of_continuous_attributes": 0.09325476932458912, "mean_skewness_of_continuous_attributes": 0.05764480494807751, "std_skewness_of_continuous_attributes": 0.03560996437651161, "min_kurtosis_of_continuous_attributes": 0.02203484057156591, "max_kurtosis_of_continuous_attributes": 0.09325476932458912, "mean_kurtosis_of_continuous_attributes": 0.05764480494807751, "std_kurtosis_of_continuous_attributes": 0.03560996437651161, "t_squared_mv_normality": 0.5098039215686274, "t_squared_skewness": 0.0669174326381537, "t_squared_outliers": 0.004901960784313725, "meanshift_silhouette": null, "meanshift_dunn": null, "meanshift_cindex": Infinity, "meanshift_calinski_harabasz": null, "meanshift_davies_bouldin": null, "meanshift_sdbw": null, "meanshift_cdbw": null, "meanshift_tau": null, "meanshift_ratkowsky_lance": 8.91285087231298e-16, "meanshift_mcclain_rao": null, "DBSCAN_silhouette": null, "DBSCAN_davies_bouldin": null, "DBSCAN_calinski_harabasz": null, "OPTICS_silhouette": 0.6856527508512694, "OPTICS_davies_bouldin": 0.4563247544311031, "OPTICS_calinski_harabasz": 270.7877168959621, "ferrari_distance_based": {"Mean": 3.0166986930177027, "Variance": 0.6035329928358365, "Standard deviation": 0.7768738590246401, "Skewness": -2.143242484462452, "Kurtosis": 2.9617387154630306, "% of values in [0, 0.1]": 0.0, "% of values in [0.1, 0.2]": 0.0, "% of values in [0.2, 0.3]": 0.0, "% of values in [0.3, 0.4]": 0.0, "% of values in [0.4, 0.5]": 0.0, "% of values in [0.5, 0.6]": 0.0, "% of values in [0.6, 0.7]": 0.0, "% of values in [0.7, 0.8]": 0.0020766927460639426, "% of values in [0.8, 0.9]": 0.02453395151163914, "% of values in [0.9, 1]": 0.05360764995653434, "% of values with |Z-score| in [0,1)": 0.8289867671206413, "% of values with |Z-score| in [1,2)": 0.0009176084226794166, "% of values with |Z-score| in [2,3)": 0.0, "% of values with |Z-score| in [3, infinity)": 0.0}, "correlation_based": {"Mean": -0.004862228184442028, "Variance": 0.012613659804461639, "Standard deviation": 0.11231055072637494, "Skewness": 0.005973397350611529, "Kurtosis": -0.0662160858577101, "% of values in [0, 0.1]": 0.8251231527093597, "% of values in [0.1, 0.2]": 0.13937988988698927, "% of values in [0.2, 0.3]": 0.03240606587462571, "% of values in [0.3, 0.4]": 0.0030908915290254035, "% of values in [0.4, 0.5]": 0.0, "% of values in [0.5, 0.6]": 0.0, "% of values in [0.6, 0.7]": 0.0, "% of values in [0.7, 0.8]": 0.0, "% of values in [0.8, 0.9]": 0.0, "% of values in [0.9, 1]": 0.0, "% of values with |Z-score| in [0,1)": 0.3416883994977301, "% of values with |Z-score| in [1,2)": 0.13595093209697673, "% of values with |Z-score| in [2,3)": 0.021926011784023956, "% of values with |Z-score| in [3, infinity)": 0.0008693132425383947}, "correlation_and_distance": {"Mean": 0.7016670267069032, "Variance": 0.046041974196491114, "Standard deviation": 0.21457393643332154, "Skewness": -2.0795738458839788, "Kurtosis": 2.846712053886171, "% of values in [0, 0.1]": 0.017193084130203807, "% of values in [0.1, 0.2]": 0.09547957113880035, "% of values in [0.2, 0.3]": 0.008065295083550661, "% of values in [0.3, 0.4]": 0.0, "% of values in [0.4, 0.5]": 0.0, "% of values in [0.5, 0.6]": 0.0014488554042306578, "% of values in [0.6, 0.7]": 0.06930358350236647, "% of values in [0.7, 0.8]": 0.49459093982420554, "% of values in [0.8, 0.9]": 0.3031005505650536, "% of values in [0.9, 1]": 0.010818120351588911, "% of values with |Z-score| in [0,1)": 0.8002028397565923, "% of values with |Z-score| in [1,2)": 0.004394861392832995, "% of values with |Z-score| in [2,3)": 0.0, "% of values with |Z-score| in [3, infinity)": 0.0}, "marcoge": {"marcoge_mf_1": 2.292971611022949, "marcoge_mf_2": 0.0, "marcoge_mf_3": 0.0, "marcoge_mf_4": 1.3076483011245728, "marcoge_mf_5": 0.0, "marcoge_mf_6": 0.0, "marcoge_mf_7": 0.0, "marcoge_mf_8": 0.0, "marcoge_mf_9": 0.0, "marcoge_mf_10": 0.0, "marcoge_mf_11": 0.0, "marcoge_mf_12": 0.0, "marcoge_mf_13": 0.0, "marcoge_mf_14": 2.609381675720215, "marcoge_mf_15": 0.02131691202521324, "marcoge_mf_16": 1.8530796766281128, "marcoge_mf_17": 0.0, "marcoge_mf_18": 0.0, "marcoge_mf_19": 2.7239699363708496, "marcoge_mf_20": 1.1247169971466064, "marcoge_mf_21": 0.0, "marcoge_mf_22": 0.0, "marcoge_mf_23": 0.0, "marcoge_mf_24": 2.229905605316162, "marcoge_mf_25": 0.0, "marcoge_mf_26": 0.282317191362381, "marcoge_mf_27": 0.0, "marcoge_mf_28": 0.0, "marcoge_mf_29": 2.1104164123535156, "marcoge_mf_30": 0.05207560956478119, "marcoge_mf_31": 0.0, "marcoge_mf_32": 0.0, "marcoge_mf_33": 0.0, "marcoge_mf_34": 1.1020030975341797, "marcoge_mf_35": 0.0, "marcoge_mf_36": 0.0, "marcoge_mf_37": 0.0, "marcoge_mf_38": 1.9021763801574707, "marcoge_mf_39": 0.0, "marcoge_mf_40": 0.7034783959388733, "marcoge_mf_41": 0.0, "marcoge_mf_42": 0.0, "marcoge_mf_43": 0.0, "marcoge_mf_44": 0.0, "marcoge_mf_45": 0.0, "marcoge_mf_46": 0.0, "marcoge_mf_47": 0.0, "marcoge_mf_48": 0.0, "marcoge_mf_49": 2.2056453227996826, "marcoge_mf_50": 0.0, "marcoge_mf_51": 0.0, "marcoge_mf_52": 0.0, "marcoge_mf_53": 0.0, "marcoge_mf_54": 0.0, "marcoge_mf_55": 0.0, "marcoge_mf_56": 1.451854944229126, "marcoge_mf_57": 0.0, "marcoge_mf_58": 0.0, "marcoge_mf_59": 0.0, "marcoge_mf_60": 0.0, "marcoge_mf_61": 0.0, "marcoge_mf_62": 0.0, "marcoge_mf_63": 1.3557647466659546, "marcoge_mf_64": 0.0, "marcoge_mf_65": 0.0, "marcoge_mf_66": 0.7575737237930298, "marcoge_mf_67": 0.0, "marcoge_mf_68": 2.0466625690460205, "marcoge_mf_69": 1.0436062812805176, "marcoge_mf_70": 0.0, "marcoge_mf_71": 0.9302104115486145, "marcoge_mf_72": 2.427748680114746, "marcoge_mf_73": 0.0, "marcoge_mf_74": 0.0, "marcoge_mf_75": 0.0, "marcoge_mf_76": 0.0, "marcoge_mf_77": 0.0, "marcoge_mf_78": 1.1915265321731567, "marcoge_mf_79": 1.9660279750823975, "marcoge_mf_80": 0.0, "marcoge_mf_81": 1.5156275033950806, "marcoge_mf_82": 0.0, "marcoge_mf_83": 1.4098036289215088, "marcoge_mf_84": 0.0, "marcoge_mf_85": 0.0, "marcoge_mf_86": 0.0, "marcoge_mf_87": 0.0, "marcoge_mf_88": 0.0, "marcoge_mf_89": 0.0, "marcoge_mf_90": 0.2526690661907196, "marcoge_mf_91": 1.2370365858078003, "marcoge_mf_92": 0.0, "marcoge_mf_93": 0.0, "marcoge_mf_94": 2.125934362411499, "marcoge_mf_95": 0.3083035349845886, "marcoge_mf_96": 0.0, "marcoge_mf_97": 0.0, "marcoge_mf_98": 0.0, "marcoge_mf_99": 0.0, "marcoge_mf_100": 0.0, "marcoge_mf_101": 0.0, "marcoge_mf_102": 0.0, "marcoge_mf_103": 0.0, "marcoge_mf_104": 1.5497760772705078, "marcoge_mf_105": 2.5936477184295654, "marcoge_mf_106": 2.678391456604004, "marcoge_mf_107": 0.0, "marcoge_mf_108": 1.4370076656341553, "marcoge_mf_109": 0.9672425985336304, "marcoge_mf_110": 1.768065333366394, "marcoge_mf_111": 0.0, "marcoge_mf_112": 0.0, "marcoge_mf_113": 0.894049346446991, "marcoge_mf_114": 0.4478774070739746, "marcoge_mf_115": 0.0, "marcoge_mf_116": 1.1733378171920776, "marcoge_mf_117": 1.1119240522384644, "marcoge_mf_118": 0.0, "marcoge_mf_119": 1.1192138195037842, "marcoge_mf_120": 0.0, "marcoge_mf_121": 2.125581979751587, "marcoge_mf_122": 0.0, "marcoge_mf_123": 1.1634912490844727, "marcoge_mf_124": 0.0, "marcoge_mf_125": 1.369919776916504, "marcoge_mf_126": 0.0, "marcoge_mf_127": 0.06947736442089081, "marcoge_mf_128": 1.2122230529785156,