{"log2_no_instances": 8.625708843064466, "log2_no_attributes": 4.0, "log10_no_instances": 5.978885764901122, "log10_no_attributes": 2.772588722239781, "instances_to_features": 24.6875, "log_instances_to_features": 3.2062970426613404, "features_to_instances": 24.6875, "log_features_to_instances": 3.2062970426613404, "Hopkin's statistic": 0.9999999998897321, "pct_of_discrete_attributes": 0.0, "mean_entropy_of_discrete_attributes": 0, "mean_absolute_correlation_of_continuous_attributes": 0.33155075535452555, "mean_concentration_of_discrete_attributes": NaN, "pca_95_components_to_features_ratio": 0.4375, "pca_first_component_skewness": 1.1659997846669978, "pca_first_component_kurtosis": 1.11901733718208, "pct_of_outliers": 0.08860759493670886, "pct_of_mv": 0.0, "min_skewness_of_continuous_attributes": 0.02203484057156591, "max_skewness_of_continuous_attributes": 0.09325476932458912, "mean_skewness_of_continuous_attributes": 0.05764480494807751, "std_skewness_of_continuous_attributes": 0.03560996437651161, "min_kurtosis_of_continuous_attributes": 0.02203484057156591, "max_kurtosis_of_continuous_attributes": 0.09325476932458912, "mean_kurtosis_of_continuous_attributes": 0.05764480494807751, "std_kurtosis_of_continuous_attributes": 0.03560996437651161, "t_squared_mv_normality": 0.49873417721518987, "t_squared_skewness": 0.684352184443954, "t_squared_outliers": 0.002531645569620253, "meanshift_silhouette": null, "meanshift_dunn": null, "meanshift_cindex": -Infinity, "meanshift_calinski_harabasz": null, "meanshift_davies_bouldin": null, "meanshift_sdbw": null, "meanshift_cdbw": null, "meanshift_tau": null, "meanshift_ratkowsky_lance": 1.3087313932801487e-15, "meanshift_mcclain_rao": null, "DBSCAN_silhouette": 0.6857427747471047, "DBSCAN_davies_bouldin": 0.4617784312865493, "DBSCAN_calinski_harabasz": 756.0545287599725, "OPTICS_silhouette": 0.5924600559160276, "OPTICS_davies_bouldin": 1.2235840595974248, "OPTICS_calinski_harabasz": 662.1959026249286, "ferrari_distance_based": {"Mean": 1.3231590608583474, "Variance": 0.17563021096422782, "Standard deviation": 0.4190825825111655, "Skewness": -1.2142764823271137, "Kurtosis": 0.904365452097565, "% of values in [0, 0.1]": 0.0, "% of values in [0.1, 0.2]": 0.00033412581121891664, "% of values in [0.2, 0.3]": 0.02176958170018634, "% of values in [0.3, 0.4]": 0.06857289725631305, "% of values in [0.4, 0.5]": 0.02991711109683223, "% of values in [0.5, 0.6]": 0.0021846687656621473, "% of values in [0.6, 0.7]": 1.2850992739189103e-05, "% of values in [0.7, 0.8]": 1.2850992739189103e-05, "% of values in [0.8, 0.9]": 0.00114373835378783, "% of values in [0.9, 1]": 0.011707254385401272, "% of values with |Z-score| in [0,1)": 0.5063419649167898, "% of values with |Z-score| in [1,2)": 0.11123819315042087, "% of values with |Z-score| in [2,3)": 1.2850992739189103e-05, "% of values with |Z-score| in [3, infinity)": 0.0}, "correlation_based": {"Mean": -0.002462173022188349, "Variance": 0.06652121332213053, "Standard deviation": 0.25791706675233905, "Skewness": 0.011215605200126332, "Kurtosis": -0.3077185638591309, "% of values in [0, 0.1]": 0.6492064511983551, "% of values in [0.1, 0.2]": 0.1282914605153248, "% of values in [0.2, 0.3]": 0.09639529653665746, "% of values in [0.3, 0.4]": 0.06500032127481847, "% of values in [0.4, 0.5]": 0.03713936901625651, "% of values in [0.5, 0.6]": 0.016667737582728267, "% of values in [0.6, 0.7]": 0.0058086487181134745, "% of values in [0.7, 0.8]": 0.0012850992739189102, "% of values in [0.8, 0.9]": 0.00020561588382702565, "% of values in [0.9, 1]": 0.0, "% of values with |Z-score| in [0,1)": 0.3314656557219045, "% of values with |Z-score| in [1,2)": 0.14615434042279765, "% of values with |Z-score| in [2,3)": 0.02048448242626743, "% of values with |Z-score| in [3, infinity)": 0.0003855297821756731}, "correlation_and_distance": {"Mean": 0.5717357461400823, "Variance": 0.02328729552071377, "Standard deviation": 0.15260175464493772, "Skewness": -0.7546868415308191, "Kurtosis": 0.4794846052857289, "% of values in [0, 0.1]": 0.0022103707511405258, "% of values in [0.1, 0.2]": 0.021885240634839043, "% of values in [0.2, 0.3]": 0.05284328214354559, "% of values in [0.3, 0.4]": 0.054603868148814495, "% of values in [0.4, 0.5]": 0.12019533508963567, "% of values in [0.5, 0.6]": 0.26940821178436036, "% of values in [0.6, 0.7]": 0.29205166099081153, "% of values in [0.7, 0.8]": 0.15075499582342736, "% of values in [0.8, 0.9]": 0.033566793034761934, "% of values in [0.9, 1]": 0.0024802415986634966, "% of values with |Z-score| in [0,1)": 0.4318576110004498, "% of values with |Z-score| in [1,2)": 0.1287926492321532, "% of values with |Z-score| in [2,3)": 0.005538777870590503, "% of values with |Z-score| in [3, infinity)": 0.0}, "marcoge": {"marcoge_mf_1": 2.320915699005127, "marcoge_mf_2": 0.0, "marcoge_mf_3": 0.0, "marcoge_mf_4": 1.3303581476211548, "marcoge_mf_5": 0.0, "marcoge_mf_6": 0.0, "marcoge_mf_7": 0.0, "marcoge_mf_8": 0.0, "marcoge_mf_9": 0.0, "marcoge_mf_10": 0.0, "marcoge_mf_11": 0.0, "marcoge_mf_12": 0.0, "marcoge_mf_13": 0.0, "marcoge_mf_14": 2.6461262702941895, "marcoge_mf_15": 0.021572750061750412, "marcoge_mf_16": 1.8745033740997314, "marcoge_mf_17": 0.0, "marcoge_mf_18": 0.0, "marcoge_mf_19": 2.756432056427002, "marcoge_mf_20": 1.1295403242111206, "marcoge_mf_21": 0.0, "marcoge_mf_22": 0.0, "marcoge_mf_23": 0.0, "marcoge_mf_24": 2.2526257038116455, "marcoge_mf_25": 0.0, "marcoge_mf_26": 0.28815600275993347, "marcoge_mf_27": 0.0, "marcoge_mf_28": 0.0, "marcoge_mf_29": 2.135399580001831, "marcoge_mf_30": 0.047096189111471176, "marcoge_mf_31": 0.0, "marcoge_mf_32": 0.0, "marcoge_mf_33": 0.0, "marcoge_mf_34": 1.125239372253418, "marcoge_mf_35": 0.0, "marcoge_mf_36": 0.0, "marcoge_mf_37": 0.0, "marcoge_mf_38": 1.9284895658493042, "marcoge_mf_39": 0.0, "marcoge_mf_40": 0.7180579304695129, "marcoge_mf_41": 0.0, "marcoge_mf_42": 0.0, "marcoge_mf_43": 0.0, "marcoge_mf_44": 0.0, "marcoge_mf_45": 0.0, "marcoge_mf_46": 0.0, "marcoge_mf_47": 0.0, "marcoge_mf_48": 0.0, "marcoge_mf_49": 2.234970808029175, "marcoge_mf_50": 0.0, "marcoge_mf_51": 0.0, "marcoge_mf_52": 0.0, "marcoge_mf_53": 0.0, "marcoge_mf_54": 0.0, "marcoge_mf_55": 0.0, "marcoge_mf_56": 1.4707903861999512, "marcoge_mf_57": 0.0, "marcoge_mf_58": 0.0, "marcoge_mf_59": 0.0, "marcoge_mf_60": 0.0, "marcoge_mf_61": 0.0, "marcoge_mf_62": 0.0, "marcoge_mf_63": 1.3733140230178833, "marcoge_mf_64": 0.0, "marcoge_mf_65": 0.0, "marcoge_mf_66": 0.7725698947906494, "marcoge_mf_67": 0.0, "marcoge_mf_68": 2.0786709785461426, "marcoge_mf_69": 1.0673067569732666, "marcoge_mf_70": 0.0, "marcoge_mf_71": 0.9411678910255432, "marcoge_mf_72": 2.45278263092041, "marcoge_mf_73": 0.0, "marcoge_mf_74": 0.0, "marcoge_mf_75": 0.0, "marcoge_mf_76": 0.0, "marcoge_mf_77": 0.0, "marcoge_mf_78": 1.206322193145752, "marcoge_mf_79": 1.9782568216323853, "marcoge_mf_80": 0.0, "marcoge_mf_81": 1.5282536745071411, "marcoge_mf_82": 0.0, "marcoge_mf_83": 1.430060625076294, "marcoge_mf_84": 0.0, "marcoge_mf_85": 0.0, "marcoge_mf_86": 0.0, "marcoge_mf_87": 0.0, "marcoge_mf_88": 0.0, "marcoge_mf_89": 0.0, "marcoge_mf_90": 0.2596740424633026, "marcoge_mf_91": 1.2482025623321533, "marcoge_mf_92": 0.0, "marcoge_mf_93": 0.0, "marcoge_mf_94": 2.150108814239502, "marcoge_mf_95": 0.3092174530029297, "marcoge_mf_96": 0.0, "marcoge_mf_97": 0.0, "marcoge_mf_98": 0.0, "marcoge_mf_99": 0.0, "marcoge_mf_100": 0.0, "marcoge_mf_101": 0.0, "marcoge_mf_102": 0.0, "marcoge_mf_103": 0.0, "marcoge_mf_104": 1.573331356048584, "marcoge_mf_105": 2.6283011436462402, "marcoge_mf_106": 2.7073652744293213, "marcoge_mf_107": 0.0, "marcoge_mf_108": 1.4552226066589355, "marcoge_mf_109": 0.975523829460144, "marcoge_mf_110": 1.7951933145523071, "marcoge_mf_111": 0.0, "marcoge_mf_112": 0.0, "marcoge_mf_113": 0.9042248725891113, "marcoge_mf_114": 0.45855963230133057, "marcoge_mf_115": 0.0, "marcoge_mf_116": 1.1881555318832397, "marcoge_mf_117": 1.121708869934082, "marcoge_mf_118": 0.0,