{"log2_no_instances": 8.63662462054365, "log2_no_attributes": 5.584962500721156, "log10_no_instances": 5.986452005284438, "log10_no_attributes": 3.871201010907891, "instances_to_features": 8.291666666666666, "log_instances_to_features": 2.1152509943765465, "features_to_instances": 8.291666666666666, "log_features_to_instances": 2.1152509943765465, "Hopkin's statistic": 1.0, "pct_of_discrete_attributes": 0.0, "mean_entropy_of_discrete_attributes": 0, "mean_absolute_correlation_of_continuous_attributes": 0.27797439857439826, "mean_concentration_of_discrete_attributes": NaN, "pca_95_components_to_features_ratio": 0.6666666666666666, "pca_first_component_skewness": 1.4874968626487237, "pca_first_component_kurtosis": 6.4495417074999875, "pct_of_outliers": 0.3391959798994975, "pct_of_mv": 0.0, "min_skewness_of_continuous_attributes": 0.02203484057156591, "max_skewness_of_continuous_attributes": 0.09325476932458912, "mean_skewness_of_continuous_attributes": 0.05764480494807751, "std_skewness_of_continuous_attributes": 0.03560996437651161, "min_kurtosis_of_continuous_attributes": 0.02203484057156591, "max_kurtosis_of_continuous_attributes": 0.09325476932458912, "mean_kurtosis_of_continuous_attributes": 0.05764480494807751, "std_kurtosis_of_continuous_attributes": 0.03560996437651161, "t_squared_mv_normality": 0.507537688442211, "t_squared_skewness": 0.3704570784065713, "t_squared_outliers": 0.002512562814070352, "meanshift_silhouette": null, "meanshift_dunn": null, "meanshift_cindex": Infinity, "meanshift_calinski_harabasz": null, "meanshift_davies_bouldin": null, "meanshift_sdbw": null, "meanshift_cdbw": null, "meanshift_tau": null, "meanshift_ratkowsky_lance": 1.5980107019050553e-15, "meanshift_mcclain_rao": null, "DBSCAN_silhouette": null, "DBSCAN_davies_bouldin": null, "DBSCAN_calinski_harabasz": null, "OPTICS_silhouette": 0.5218868638853486, "OPTICS_davies_bouldin": 0.7509007748347423, "OPTICS_calinski_harabasz": 267.21376962656865, "ferrari_distance_based": {"Mean": 1.9930241606666832, "Variance": 0.23139782791763114, "Standard deviation": 0.4810382811353283, "Skewness": -1.3915488855867921, "Kurtosis": 0.6722864692019561, "% of values in [0, 0.1]": 0.0, "% of values in [0.1, 0.2]": 0.0, "% of values in [0.2, 0.3]": 0.0, "% of values in [0.3, 0.4]": 0.0, "% of values in [0.4, 0.5]": 0.0, "% of values in [0.5, 0.6]": 0.0, "% of values in [0.6, 0.7]": 0.00027847043783147475, "% of values in [0.7, 0.8]": 0.00670860600230371, "% of values in [0.8, 0.9]": 0.031087427059731908, "% of values in [0.9, 1]": 0.060035694847031126, "% of values with |Z-score| in [0,1)": 0.6745946356467476, "% of values with |Z-score| in [1,2)": 0.052479019784058833, "% of values with |Z-score| in [2,3)": 0.0, "% of values with |Z-score| in [3, infinity)": 0.0}, "correlation_based": {"Mean": -0.002475197641263809, "Variance": 0.021230766550620166, "Standard deviation": 0.14570781224979037, "Skewness": 0.012830037178936523, "Kurtosis": -0.08927954456429843, "% of values in [0, 0.1]": 0.756376340138982, "% of values in [0.1, 0.2]": 0.1600572130172272, "% of values in [0.2, 0.3]": 0.0650101894864752, "% of values in [0.3, 0.4]": 0.01599939242813564, "% of values in [0.4, 0.5]": 0.0023163677328709035, "% of values in [0.5, 0.6]": 0.00022783944913484298, "% of values in [0.6, 0.7]": 1.2657747174157944e-05, "% of values in [0.7, 0.8]": 0.0, "% of values in [0.8, 0.9]": 0.0, "% of values in [0.9, 1]": 0.0, "% of values with |Z-score| in [0,1)": 0.33784792982544964, "% of values with |Z-score| in [1,2)": 0.13852638507398454, "% of values with |Z-score| in [2,3)": 0.021252357505411188, "% of values with |Z-score| in [3, infinity)": 0.001101224004151741}, "correlation_and_distance": {"Mean": 0.5681426941488211, "Variance": 0.03040141273624929, "Standard deviation": 0.1743600089936029, "Skewness": -1.2204498835407869, "Kurtosis": 0.569297926447411, "% of values in [0, 0.1]": 0.005063098869663178, "% of values in [0.1, 0.2]": 0.061757148462716606, "% of values in [0.2, 0.3]": 0.08283229750768958, "% of values in [0.3, 0.4]": 0.01520195435616369, "% of values in [0.4, 0.5]": 0.03266964545650165, "% of values in [0.5, 0.6]": 0.23748465248155134, "% of values in [0.6, 0.7]": 0.38275761679936204, "% of values in [0.7, 0.8]": 0.1639937723883903, "% of values in [0.8, 0.9]": 0.0178474235155627, "% of values in [0.9, 1]": 0.00039239016239889625, "% of values with |Z-score| in [0,1)": 0.5922306747845019, "% of values with |Z-score| in [1,2)": 0.08011088186524562, "% of values with |Z-score| in [2,3)": 0.00018986620761236915, "% of values with |Z-score| in [3, infinity)": 0.0}, "marcoge": null}