{"log2_no_instances": 7.417852514885898, "log2_no_attributes": 5.700439718141092, "log10_no_instances": 5.14166355650266, "log10_no_attributes": 3.9512437185814275, "instances_to_features": 3.2884615384615383, "log_instances_to_features": 1.1904198379212325, "features_to_instances": 3.2884615384615383, "log_features_to_instances": 1.1904198379212325, "Hopkin's statistic": 1.0, "pct_of_discrete_attributes": 0.0, "mean_entropy_of_discrete_attributes": 0, "mean_absolute_correlation_of_continuous_attributes": 0.4927840744824755, "mean_concentration_of_discrete_attributes": NaN, "pca_95_components_to_features_ratio": 0.057692307692307696, "pca_first_component_skewness": 2.080921484536629, "pca_first_component_kurtosis": 20.1222731811058, "pct_of_outliers": 0.24561403508771928, "pct_of_mv": 0.0, "min_skewness_of_continuous_attributes": 0.02203484057156591, "max_skewness_of_continuous_attributes": 0.09325476932458912, "mean_skewness_of_continuous_attributes": 0.05764480494807751, "std_skewness_of_continuous_attributes": 0.03560996437651161, "min_kurtosis_of_continuous_attributes": 0.02203484057156591, "max_kurtosis_of_continuous_attributes": 0.09325476932458912, "mean_kurtosis_of_continuous_attributes": 0.05764480494807751, "std_kurtosis_of_continuous_attributes": 0.03560996437651161, "t_squared_mv_normality": 0.52046783625731, "t_squared_skewness": 0.36388103924742415, "t_squared_outliers": 0.005847953216374269, "meanshift_silhouette": null, "meanshift_dunn": null, "meanshift_cindex": Infinity, "meanshift_calinski_harabasz": null, "meanshift_davies_bouldin": null, "meanshift_sdbw": null, "meanshift_cdbw": null, "meanshift_tau": null, "meanshift_ratkowsky_lance": 4.8920201244062695e-16, "meanshift_mcclain_rao": null, "DBSCAN_silhouette": 0.8680105503981689, "DBSCAN_davies_bouldin": 0.18639036489030864, "DBSCAN_calinski_harabasz": 2729.0837298085244, "OPTICS_silhouette": 0.8680105503981689, "OPTICS_davies_bouldin": 0.18639036489030864, "OPTICS_calinski_harabasz": 2729.083729808525, "ferrari_distance_based": {"Mean": 2.9985855539557784, "Variance": 2.1288231255325454, "Standard deviation": 1.4590487056752237, "Skewness": -1.1028881146172498, "Kurtosis": -0.6626481026559388, "% of values in [0, 0.1]": 0.0, "% of values in [0.1, 0.2]": 0.0, "% of values in [0.2, 0.3]": 0.0, "% of values in [0.3, 0.4]": 0.025730994152046785, "% of values in [0.4, 0.5]": 0.14454764361885106, "% of values in [0.5, 0.6]": 0.07024423804609563, "% of values in [0.6, 0.7]": 0.0048847609219126245, "% of values in [0.7, 0.8]": 0.0002063983488132095, "% of values in [0.8, 0.9]": 0.0, "% of values in [0.9, 1]": 0.0, "% of values with |Z-score| in [0,1)": 0.7543859649122807, "% of values with |Z-score| in [1,2)": 0.0, "% of values with |Z-score| in [2,3)": 0.0, "% of values with |Z-score| in [3, infinity)": 0.0}, "correlation_based": {"Mean": -0.0057609001493124125, "Variance": 0.01931416680470852, "Standard deviation": 0.13897541798716967, "Skewness": 0.013591180659788543, "Kurtosis": -0.08175551864496411, "% of values in [0, 0.1]": 0.776608187134503, "% of values in [0.1, 0.2]": 0.15266597867217063, "% of values in [0.2, 0.3]": 0.057585139318885446, "% of values in [0.3, 0.4]": 0.011558307533539732, "% of values in [0.4, 0.5]": 0.0014447884416924665, "% of values in [0.5, 0.6]": 0.00013759889920880633, "% of values in [0.6, 0.7]": 0.0, "% of values in [0.7, 0.8]": 0.0, "% of values in [0.8, 0.9]": 0.0, "% of values in [0.9, 1]": 0.0, "% of values with |Z-score| in [0,1)": 0.3384932920536636, "% of values with |Z-score| in [1,2)": 0.13863089095287237, "% of values with |Z-score| in [2,3)": 0.02125902992776058, "% of values with |Z-score| in [3, infinity)": 0.001238390092879257}, "correlation_and_distance": {"Mean": 0.6452691938647378, "Variance": 0.09622080962192847, "Standard deviation": 0.3101947930283945, "Skewness": -1.0883626777333044, "Kurtosis": -0.6498354716674699, "% of values in [0, 0.1]": 0.09164086687306501, "% of values in [0.1, 0.2]": 0.15335397316821464, "% of values in [0.2, 0.3]": 0.0006191950464396285, "% of values in [0.3, 0.4]": 0.0, "% of values in [0.4, 0.5]": 0.0, "% of values in [0.5, 0.6]": 0.0, "% of values in [0.6, 0.7]": 0.012934296525627794, "% of values in [0.7, 0.8]": 0.2797385620915033, "% of values in [0.8, 0.9]": 0.3885104919160647, "% of values in [0.9, 1]": 0.07320261437908497, "% of values with |Z-score| in [0,1)": 0.7486756105951152, "% of values with |Z-score| in [1,2)": 0.005710354317165462, "% of values with |Z-score| in [2,3)": 0.0, "% of values with |Z-score| in [3, infinity)": 0.0}, "marcoge": {"marcoge_mf_1": 2.2912418842315674, "marcoge_mf_2": 0.0, "marcoge_mf_3": 0.0, "marcoge_mf_4": 1.3124732971191406, "marcoge_mf_5": 0.0, "marcoge_mf_6": 0.0, "marcoge_mf_7": 0.0, "marcoge_mf_8": 0.0, "marcoge_mf_9": 0.0, "marcoge_mf_10": 0.0, "marcoge_mf_11": 0.0, "marcoge_mf_12": 0.0, "marcoge_mf_13": 0.0, "marcoge_mf_14": 2.6155290603637695, "marcoge_mf_15": 0.02549579367041588, "marcoge_mf_16": 1.8470922708511353, "marcoge_mf_17": 0.0, "marcoge_mf_18": 0.0, "marcoge_mf_19": 2.7176289558410645, "marcoge_mf_20": 1.1188997030258179, "marcoge_mf_21": 0.0, "marcoge_mf_22": 0.0, "marcoge_mf_23": 0.0, "marcoge_mf_24": 2.2183444499969482, "marcoge_mf_25": 0.0, "marcoge_mf_26": 0.27719494700431824, "marcoge_mf_27": 0.0, "marcoge_mf_28": 0.0, "marcoge_mf_29": 2.123380661010742, "marcoge_mf_30": 0.0539003387093544, "marcoge_mf_31": 0.0, "marcoge_mf_32": 0.0, "marcoge_mf_33": 0.0, "marcoge_mf_34": 1.1097688674926758, "marcoge_mf_35": 0.0, "marcoge_mf_36": 0.0, "marcoge_mf_37": 0.0, "marcoge_mf_38": 1.9005248546600342, "marcoge_mf_39": 0.0, "marcoge_mf_40": 0.7099578380584717, "marcoge_mf_41": 0.0, "marcoge_mf_42": 0.0, "marcoge_mf_43": 0.0, "marcoge_mf_44": 0.0, "marcoge_mf_45": 0.0, "marcoge_mf_46": 0.0, "marcoge_mf_47": 0.0, "marcoge_mf_48": 0.0, "marcoge_mf_49": 2.217327356338501, "marcoge_mf_50": 0.0, "marcoge_mf_51": 0.0, "marcoge_mf_52": 0.0, "marcoge_mf_53": 0.0, "marcoge_mf_54": 0.0, "marcoge_mf_55": 0.0, "marcoge_mf_56": 1.4458367824554443, "marcoge_mf_57": 0.0, "marcoge_mf_58": 0.0, "marcoge_mf_59": 0.0, "marcoge_mf_60": 0.0, "marcoge_mf_61": 0.0, "marcoge_mf_62": 0.0, "marcoge_mf_63": 1.354570984840393, "marcoge_mf_64": 0.0, "marcoge_mf_65": 0.0, "marcoge_mf_66": 0.7548243403434753, "marcoge_mf_67": 0.0, "marcoge_mf_68": 2.048272132873535, "marcoge_mf_69": 1.0463606119155884, "marcoge_mf_70": 0.0, "marcoge_mf_71": 0.9244595170021057, "marcoge_mf_72": 2.42326021194458, "marcoge_mf_73": 0.0, "marcoge_mf_74": 0.0, "marcoge_mf_75": 0.0, "marcoge_mf_76": 0.0, "marcoge_mf_77": 0.0, "marcoge_mf_78": 1.1824404001235962, "marcoge_mf_79": 1.964746356010437, "marcoge_mf_80": 0.0, "marcoge_mf_81": 1.5141921043395996, "marcoge_mf_82": 0.0, "marcoge_mf_83": 1.4031916856765747, "marcoge_mf_84": 0.0, "marcoge_mf_85": 0.0, "marcoge_mf_86": 0.0, "marcoge_mf_87": 0.0, "marcoge_mf_88": 0.0, "marcoge_mf_89": 0.0, "marcoge_mf_90": 0.25198325514793396, "marcoge_mf_91": 1.2344613075256348, "marcoge_mf_92": 0.0, "marcoge_mf_93": 0.0, "marcoge_mf_94": 2.1142609119415283, "marcoge_mf_95": 0.3107302486896515, "marcoge_mf_96": 0.0, "marcoge_mf_97": 0.0, "marcoge_mf_98": 0.0, "marcoge_mf_99": 0.0, "marcoge_mf_100": 0.0, "marcoge_mf_101": 0.0, "marcoge_mf_102": 0.0, "marcoge_mf_103": 0.0, "marcoge_mf_104": 1.5594370365142822, "marcoge_mf_105": 2.597364902496338, "marcoge_mf_106": 2.6724190711975098, "marcoge_mf_107": 0.0, "marcoge_mf_108": 1.4326574802398682, "marcoge_mf_109": 0.9604665040969849, "marcoge_mf_110": 1.763692021369934, "marcoge_mf_111": 0.0, "marcoge_mf_112": 0.0, "marcoge_mf_113": 0.8940579891204834, "marcoge_mf_114": 0.44707491993904114, "marcoge_mf_115": 0.0, "marcoge_mf_116": 1.1737315654754639, "marcoge_mf_117": 1.1063904762268066, "marcoge_mf_118": 0.0, "marcoge_mf_119": 1.1340546607971191, "marcoge_mf_120": 0.0, "marcoge_mf_121": 2.1145546436309814, "marcoge_mf_122": 0.0, "marcoge_mf_123": 1.1557421684265137, "marcoge_mf_124": 0.0,