{"log2_no_instances": 8.507794640198696, "log2_no_attributes": 5.554588851677638, "log10_no_instances": 5.8971538676367405, "log10_no_attributes": 3.8501476017100584, "instances_to_features": 7.74468085106383, "log_instances_to_features": 2.047006265926682, "features_to_instances": 7.74468085106383, "log_features_to_instances": 2.047006265926682, "Hopkin's statistic": 1.0, "pct_of_discrete_attributes": 0.0, "mean_entropy_of_discrete_attributes": 0, "mean_absolute_correlation_of_continuous_attributes": 0.26702206901956976, "mean_concentration_of_discrete_attributes": NaN, "pca_95_components_to_features_ratio": 0.40425531914893614, "pca_first_component_skewness": -0.29135358250389226, "pca_first_component_kurtosis": 6.630961036345335, "pct_of_outliers": 0.3516483516483517, "pct_of_mv": 0.0, "min_skewness_of_continuous_attributes": 0.02203484057156591, "max_skewness_of_continuous_attributes": 0.09325476932458912, "mean_skewness_of_continuous_attributes": 0.05764480494807751, "std_skewness_of_continuous_attributes": 0.03560996437651161, "min_kurtosis_of_continuous_attributes": 0.02203484057156591, "max_kurtosis_of_continuous_attributes": 0.09325476932458912, "mean_kurtosis_of_continuous_attributes": 0.05764480494807751, "std_kurtosis_of_continuous_attributes": 0.03560996437651161, "t_squared_mv_normality": 0.5054945054945055, "t_squared_skewness": 0.34861807922865373, "t_squared_outliers": 0.0027472527472527475, "meanshift_silhouette": null, "meanshift_dunn": null, "meanshift_cindex": Infinity, "meanshift_calinski_harabasz": null, "meanshift_davies_bouldin": null, "meanshift_sdbw": null, "meanshift_cdbw": null, "meanshift_tau": null, "meanshift_ratkowsky_lance": 1.2907956249452842e-15, "meanshift_mcclain_rao": null, "DBSCAN_silhouette": null, "DBSCAN_davies_bouldin": null, "DBSCAN_calinski_harabasz": null, "OPTICS_silhouette": 0.6632410566576576, "OPTICS_davies_bouldin": 0.49301430118571, "OPTICS_calinski_harabasz": 429.8231387733359, "ferrari_distance_based": {"Mean": 2.2049977725431784, "Variance": 0.3251282897629126, "Standard deviation": 0.5702002190133854, "Skewness": -1.9625739029395999, "Kurtosis": 2.4664023696265556, "% of values in [0, 0.1]": 0.0, "% of values in [0.1, 0.2]": 0.0, "% of values in [0.2, 0.3]": 0.0, "% of values in [0.3, 0.4]": 0.0, "% of values in [0.4, 0.5]": 4.5409136318227226e-05, "% of values in [0.5, 0.6]": 0.0036932764205491477, "% of values in [0.6, 0.7]": 0.03314866951230588, "% of values in [0.7, 0.8]": 0.056155965246874336, "% of values in [0.8, 0.9]": 0.026049707867889686, "% of values in [0.9, 1]": 0.0033148669512305874, "% of values with |Z-score| in [0,1)": 0.7552750280023007, "% of values with |Z-score| in [1,2)": 0.006387551842097296, "% of values with |Z-score| in [2,3)": 0.0, "% of values with |Z-score| in [3, infinity)": 0.0}, "correlation_based": {"Mean": -0.0027089067867616373, "Variance": 0.021791692168238726, "Standard deviation": 0.14762009405307505, "Skewness": -0.006626153977301371, "Kurtosis": -0.09956592624796068, "% of values in [0, 0.1]": 0.7543971180334816, "% of values in [0.1, 0.2]": 0.16012775103684196, "% of values in [0.2, 0.3]": 0.0664941119486574, "% of values in [0.3, 0.4]": 0.016438107347198257, "% of values in [0.4, 0.5]": 0.0022855931946841037, "% of values in [0.5, 0.6]": 0.00024218206036387855, "% of values in [0.6, 0.7]": 1.513637877274241e-05, "% of values in [0.7, 0.8]": 0.0, "% of values in [0.8, 0.9]": 0.0, "% of values in [0.9, 1]": 0.0, "% of values with |Z-score| in [0,1)": 0.3382072472981564, "% of values with |Z-score| in [1,2)": 0.13982986710259437, "% of values with |Z-score| in [2,3)": 0.020782248054975326, "% of values with |Z-score| in [3, infinity)": 0.0009233191051372869}, "correlation_and_distance": {"Mean": 0.6714511738497635, "Variance": 0.03398842721158403, "Standard deviation": 0.18435950534643997, "Skewness": -1.781084945153392, "Kurtosis": 2.166792961697946, "% of values in [0, 0.1]": 0.0016801380437744074, "% of values in [0.1, 0.2]": 0.045969182332818694, "% of values in [0.2, 0.3]": 0.06900675082493264, "% of values in [0.3, 0.4]": 0.005948596857687767, "% of values in [0.4, 0.5]": 0.0004843641207277571, "% of values in [0.5, 0.6]": 0.028426119335210245, "% of values in [0.6, 0.7]": 0.23853419307964763, "% of values in [0.7, 0.8]": 0.4500499500499501, "% of values in [0.8, 0.9]": 0.15392183574001755, "% of values in [0.9, 1]": 0.005978869615233252, "% of values with |Z-score| in [0,1)": 0.6788363151999516, "% of values with |Z-score| in [1,2)": 0.035888354070172254, "% of values with |Z-score| in [2,3)": 0.0, "% of values with |Z-score| in [3, infinity)": 0.0}, "marcoge": {"marcoge_mf_1": 2.3363490104675293, "marcoge_mf_2": 0.0, "marcoge_mf_3": 0.0, "marcoge_mf_4": 1.3391695022583008, "marcoge_mf_5": 0.0, "marcoge_mf_6": 0.0, "marcoge_mf_7": 0.0, "marcoge_mf_8": 0.0, "marcoge_mf_9": 0.0, "marcoge_mf_10": 0.0, "marcoge_mf_11": 0.0, "marcoge_mf_12": 0.0, "marcoge_mf_13": 0.0, "marcoge_mf_14": 2.6690235137939453, "marcoge_mf_15": 0.020356295630335808, "marcoge_mf_16": 1.8872733116149902, "marcoge_mf_17": 0.0, "marcoge_mf_18": 0.0, "marcoge_mf_19": 2.7744457721710205, "marcoge_mf_20": 1.1384719610214233, "marcoge_mf_21": 0.0, "marcoge_mf_22": 0.0, "marcoge_mf_23": 0.0, "marcoge_mf_24": 2.2696428298950195, "marcoge_mf_25": 0.0, "marcoge_mf_26": 0.2876459062099457, "marcoge_mf_27": 0.0, "marcoge_mf_28": 0.0, "marcoge_mf_29": 2.156662940979004, "marcoge_mf_30": 0.04774964973330498, "marcoge_mf_31": 0.0, "marcoge_mf_32": 0.0, "marcoge_mf_33": 0.0, "marcoge_mf_34": 1.1294134855270386, "marcoge_mf_35": 0.0, "marcoge_mf_36": 0.0, "marcoge_mf_37": 0.0, "marcoge_mf_38": 1.943855881690979, "marcoge_mf_39": 0.0, "marcoge_mf_40": 0.720971941947937, "marcoge_mf_41": 0.0, "marcoge_mf_42": 0.0, "marcoge_mf_43": 0.0, "marcoge_mf_44": 0.0, "marcoge_mf_45": 0.0, "marcoge_mf_46": 0.0, "marcoge_mf_47": 0.0, "marcoge_mf_48": 0.0, "marcoge_mf_49": 2.2508091926574707, "marcoge_mf_50": 0.0, "marcoge_mf_51": 0.0, "marcoge_mf_52": 0.0, "marcoge_mf_53": 0.0, "marcoge_mf_54": 0.0, "marcoge_mf_55": 0.0, "marcoge_mf_56": 1.481223464012146, "marcoge_mf_57": 0.0, "marcoge_mf_58": 0.0, "marcoge_mf_59": 0.0, "marcoge_mf_60": 0.0, "marcoge_mf_61": 0.0, "marcoge_mf_62": 0.0, "marcoge_mf_63": 1.3835009336471558, "marcoge_mf_64": 0.0, "marcoge_mf_65": 0.0, "marcoge_mf_66": 0.7673491835594177, "marcoge_mf_67": 0.0, "marcoge_mf_68": 2.089341878890991, "marcoge_mf_69": 1.0731467008590698, "marcoge_mf_70": 0.0, "marcoge_mf_71": 0.9487302303314209, "marcoge_mf_72": 2.4700675010681152, "marcoge_mf_73": 0.0, "marcoge_mf_74": 0.0, "marcoge_mf_75": 0.0, "marcoge_mf_76": 0.0, "marcoge_mf_77": 0.0, "marcoge_mf_78": 1.2139211893081665, "marcoge_mf_79": 1.9941266775131226, "marcoge_mf_80": 0.0, "marcoge_mf_81": 1.5433783531188965, "marcoge_mf_82": 0.0, "marcoge_mf_83": 1.4361882209777832, "marcoge_mf_84": 0.0, "marcoge_mf_85": 0.0, "marcoge_mf_86": 0.0, "marcoge_mf_87": 0.0, "marcoge_mf_88": 0.0, "marcoge_mf_89": 0.0, "marcoge_mf_90": 0.2605435848236084, "marcoge_mf_91": 1.2597500085830688, "marcoge_mf_92": 0.0, "marcoge_mf_93": 0.0, "marcoge_mf_94": 2.159477710723877, "marcoge_mf_95": 0.31349077820777893, "marcoge_mf_96": 0.0, "marcoge_mf_97": 0.0, "marcoge_mf_98": 0.0, "marcoge_mf_99": 0.0, "marcoge_mf_100": 0.0, "marcoge_mf_101": 0.0, "marcoge_mf_102": 0.0, "marcoge_mf_103": 0.0, "marcoge_mf_104": 1.5810682773590088, "marcoge_mf_105": 2.646181344985962, "marcoge_mf_106": 2.7269463539123535, "marcoge_mf_107": 0.0, "marcoge_mf_108": 1.4677866697311401, "marcoge_mf_109": 0.9866132736206055, "marcoge_mf_110": 1.8047094345092773, "marcoge_mf_111": 0.0, "marcoge_mf_112": 0.0, "marcoge_mf_113": 0.9106420278549194, "marcoge_mf_114": 0.45848917961120605, "marcoge_mf_115": 0.0, "marcoge_mf_116": 1.1943933963775635, "marcoge_mf_117": 1.1359039545059204, "marcoge_mf_118": 0.0, "marcoge_mf_119": 1.1470067501068115, "marcoge_mf_120": 0.0, "marcoge_mf_121": 2.1726155281066895, "marcoge_mf_122": 0.0,