{"log2_no_instances": 6.894817763307944, "log2_no_attributes": 4.392317422778761, "log10_no_instances": 4.77912349311153, "log10_no_attributes": 3.044522437723423, "instances_to_features": 5.666666666666667, "log_instances_to_features": 1.7346010553881064, "features_to_instances": 5.666666666666667, "log_features_to_instances": 1.7346010553881064, "Hopkin's statistic": 0.9971596022541769, "pct_of_discrete_attributes": 0.0, "mean_entropy_of_discrete_attributes": 0, "mean_absolute_correlation_of_continuous_attributes": 0.07409547034886975, "mean_concentration_of_discrete_attributes": NaN, "pca_95_components_to_features_ratio": 0.9047619047619048, "pca_first_component_skewness": 0.3550943080805359, "pca_first_component_kurtosis": -0.9008014289202211, "pct_of_outliers": 0.18487394957983194, "pct_of_mv": 0.0, "min_skewness_of_continuous_attributes": -0.24454139210403256, "max_skewness_of_continuous_attributes": 0.10020577339851083, "mean_skewness_of_continuous_attributes": -0.05241048801449737, "std_skewness_of_continuous_attributes": 0.10992368047688499, "min_kurtosis_of_continuous_attributes": -0.24454139210403256, "max_kurtosis_of_continuous_attributes": 0.10020577339851083, "mean_kurtosis_of_continuous_attributes": -0.05241048801449737, "std_kurtosis_of_continuous_attributes": 0.10992368047688499, "t_squared_mv_normality": 0.5042016806722689, "t_squared_skewness": 0.5418615872328202, "t_squared_outliers": 0.008403361344537815, "meanshift_silhouette": null, "meanshift_dunn": null, "meanshift_cindex": -Infinity, "meanshift_calinski_harabasz": null, "meanshift_davies_bouldin": null, "meanshift_sdbw": null, "meanshift_cdbw": null, "meanshift_tau": null, "meanshift_ratkowsky_lance": 5.474784520374913e-16, "meanshift_mcclain_rao": null, "DBSCAN_silhouette": null, "DBSCAN_davies_bouldin": null, "DBSCAN_calinski_harabasz": null, "OPTICS_silhouette": null, "OPTICS_davies_bouldin": null, "OPTICS_calinski_harabasz": null, "ferrari_distance_based": {"Mean": 1.2587681405966737, "Variance": 0.03439137968704046, "Standard deviation": 0.18544912964756793, "Skewness": 0.09434507140691133, "Kurtosis": -0.20116493712250838, "% of values in [0, 0.1]": 0.0, "% of values in [0.1, 0.2]": 0.0, "% of values in [0.2, 0.3]": 0.0, "% of values in [0.3, 0.4]": 0.0, "% of values in [0.4, 0.5]": 0.0, "% of values in [0.5, 0.6]": 0.0, "% of values in [0.6, 0.7]": 0.0002848597065945022, "% of values in [0.7, 0.8]": 0.003275886625836775, "% of values in [0.8, 0.9]": 0.019512889901723403, "% of values in [0.9, 1]": 0.0579689502919812, "% of values with |Z-score| in [0,1)": 0.32317333713146273, "% of values with |Z-score| in [1,2)": 0.14371172197692636, "% of values with |Z-score| in [2,3)": 0.022219057114371173, "% of values with |Z-score| in [3, infinity)": 0.0008545791197835066}, "correlation_based": {"Mean": -0.00816451456691321, "Variance": 0.05031615527002861, "Standard deviation": 0.22431262842298605, "Skewness": 0.020962745849735096, "Kurtosis": -0.15498087516770687, "% of values in [0, 0.1]": 0.6809571286141576, "% of values in [0.1, 0.2]": 0.1410055547642786, "% of values in [0.2, 0.3]": 0.0903005269904572, "% of values in [0.3, 0.4]": 0.05569007263922518, "% of values in [0.4, 0.5]": 0.019940179461615155, "% of values in [0.5, 0.6]": 0.009542800170915824, "% of values in [0.6, 0.7]": 0.0019940179461615153, "% of values in [0.7, 0.8]": 0.0005697194131890044, "% of values in [0.8, 0.9]": 0.0, "% of values in [0.9, 1]": 0.0, "% of values with |Z-score| in [0,1)": 0.34040734938043016, "% of values with |Z-score| in [1,2)": 0.1374448084318473, "% of values with |Z-score| in [2,3)": 0.019797749608317903, "% of values with |Z-score| in [3, infinity)": 0.0011394388263780088}, "correlation_and_distance": {"Mean": 0.48698575451991294, "Variance": 0.01958444938393677, "Standard deviation": 0.1399444510651879, "Skewness": 0.037192329386129847, "Kurtosis": -0.11013540400103983, "% of values in [0, 0.1]": 0.0022788776527560175, "% of values in [0.1, 0.2]": 0.015097564449508617, "% of values in [0.2, 0.3]": 0.07349380430138157, "% of values in [0.3, 0.4]": 0.1814556331006979, "% of values in [0.4, 0.5]": 0.2644922375729953, "% of values in [0.5, 0.6]": 0.25380999857570147, "% of values in [0.6, 0.7]": 0.14356929212362912, "% of values in [0.7, 0.8]": 0.053268765133171914, "% of values in [0.8, 0.9]": 0.010682238997293833, "% of values in [0.9, 1]": 0.0018515880928642644, "% of values with |Z-score| in [0,1)": 0.33627688363480984, "% of values with |Z-score| in [1,2)": 0.1374448084318473, "% of values with |Z-score| in [2,3)": 0.021791767554479417, "% of values with |Z-score| in [3, infinity)": 0.001424298532972511}, "marcoge": null}