{"log2_no_instances": 8.754887502163468, "log2_no_attributes": 5.20945336562895, "log10_no_instances": 6.068425588244111, "log10_no_attributes": 3.6109179126442243, "instances_to_features": 11.675675675675675, "log_instances_to_features": 2.457507675599886, "features_to_instances": 11.675675675675675, "log_features_to_instances": 2.457507675599886, "Hopkin's statistic": 0.9999985614089358, "pct_of_discrete_attributes": 0.0, "mean_entropy_of_discrete_attributes": 0, "mean_absolute_correlation_of_continuous_attributes": 0.03862254190309814, "mean_concentration_of_discrete_attributes": NaN, "pca_95_components_to_features_ratio": 0.918918918918919, "pca_first_component_skewness": -0.24728802676125478, "pca_first_component_kurtosis": 1.1432764045660413, "pct_of_outliers": 0.2569444444444444, "pct_of_mv": 0.0, "min_skewness_of_continuous_attributes": -0.24454139210403256, "max_skewness_of_continuous_attributes": 0.10020577339851083, "mean_skewness_of_continuous_attributes": -0.05241048801449737, "std_skewness_of_continuous_attributes": 0.10992368047688499, "min_kurtosis_of_continuous_attributes": -0.24454139210403256, "max_kurtosis_of_continuous_attributes": 0.10020577339851083, "mean_kurtosis_of_continuous_attributes": -0.05241048801449737, "std_kurtosis_of_continuous_attributes": 0.10992368047688499, "t_squared_mv_normality": 0.4976851851851852, "t_squared_skewness": 0.4125884520104032, "t_squared_outliers": 0.0023148148148148147, "meanshift_silhouette": null, "meanshift_dunn": null, "meanshift_cindex": -Infinity, "meanshift_calinski_harabasz": null, "meanshift_davies_bouldin": null, "meanshift_sdbw": null, "meanshift_cdbw": null, "meanshift_tau": null, "meanshift_ratkowsky_lance": 1.4520436168251425e-15, "meanshift_mcclain_rao": null, "DBSCAN_silhouette": null, "DBSCAN_davies_bouldin": null, "DBSCAN_calinski_harabasz": null, "OPTICS_silhouette": null, "OPTICS_davies_bouldin": null, "OPTICS_calinski_harabasz": null, "ferrari_distance_based": {"Mean": 1.4269348488890452, "Variance": 0.027825823608959566, "Standard deviation": 0.16681074188720452, "Skewness": 0.10052694463544708, "Kurtosis": -0.0387385307449617, "% of values in [0, 0.1]": 0.0, "% of values in [0.1, 0.2]": 0.0, "% of values in [0.2, 0.3]": 0.0, "% of values in [0.3, 0.4]": 0.0, "% of values in [0.4, 0.5]": 0.0, "% of values in [0.5, 0.6]": 0.0, "% of values in [0.6, 0.7]": 0.0, "% of values in [0.7, 0.8]": 0.0, "% of values in [0.8, 0.9]": 0.0004511472028873421, "% of values in [0.9, 1]": 0.0033191544212425885, "% of values with |Z-score| in [0,1)": 0.33321517573257714, "% of values with |Z-score| in [1,2)": 0.13430222565953426, "% of values with |Z-score| in [2,3)": 0.02402895935378534, "% of values with |Z-score| in [3, infinity)": 0.0017401392111368909}, "correlation_based": {"Mean": -0.002268061844150444, "Variance": 0.027956280844521397, "Standard deviation": 0.16720131830975915, "Skewness": -0.009233306303658224, "Kurtosis": -0.12809652861829113, "% of values in [0, 0.1]": 0.7271203918535705, "% of values in [0.1, 0.2]": 0.1561721233995016, "% of values in [0.2, 0.3]": 0.08195840852453382, "% of values in [0.3, 0.4]": 0.027949643378877717, "% of values in [0.4, 0.5]": 0.005983071238291656, "% of values in [0.5, 0.6]": 0.0007733952049497294, "% of values in [0.6, 0.7]": 4.296640027498496e-05, "% of values in [0.7, 0.8]": 0.0, "% of values in [0.8, 0.9]": 0.0, "% of values in [0.9, 1]": 0.0, "% of values with |Z-score| in [0,1)": 0.33807037896365044, "% of values with |Z-score| in [1,2)": 0.14005972329638222, "% of values with |Z-score| in [2,3)": 0.02084944573343645, "% of values with |Z-score| in [3, infinity)": 0.0008271032052934605}, "correlation_and_distance": {"Mean": 0.4980939788842045, "Variance": 0.016188286016216406, "Standard deviation": 0.12723319541776984, "Skewness": 0.02215438105189951, "Kurtosis": -0.05443027665879985, "% of values in [0, 0.1]": 0.0006874624043997594, "% of values in [0.1, 0.2]": 0.008271032052934606, "% of values in [0.2, 0.3]": 0.05034587952221363, "% of values in [0.3, 0.4]": 0.16177923863538712, "% of values in [0.4, 0.5]": 0.2868651714359371, "% of values in [0.5, 0.6]": 0.2790345449858211, "% of values in [0.6, 0.7]": 0.15596803299819542, "% of values in [0.7, 0.8]": 0.04800421070722695, "% of values in [0.8, 0.9]": 0.008335481653347082, "% of values in [0.9, 1]": 0.0007089456045372519, "% of values with |Z-score| in [0,1)": 0.33697473575663833, "% of values with |Z-score| in [1,2)": 0.13767508808112056, "% of values with |Z-score| in [2,3)": 0.022031021740998538, "% of values with |Z-score| in [3, infinity)": 0.0012567672080433102}, "marcoge": null}