{"log2_no_instances": 7.734709620225838, "log2_no_attributes": 5.247927513443585, "log10_no_instances": 5.3612921657094255, "log10_no_attributes": 3.6375861597263857, "instances_to_features": 5.605263157894737, "log_instances_to_features": 1.7237060059830394, "features_to_instances": 5.605263157894737, "log_features_to_instances": 1.7237060059830394, "Hopkin's statistic": 0.9999803496612631, "pct_of_discrete_attributes": 0.0, "mean_entropy_of_discrete_attributes": 0, "mean_absolute_correlation_of_continuous_attributes": 0.056323774280509824, "mean_concentration_of_discrete_attributes": NaN, "pca_95_components_to_features_ratio": 0.8947368421052632, "pca_first_component_skewness": 0.05296702079673133, "pca_first_component_kurtosis": 0.3426456063041883, "pct_of_outliers": 0.25821596244131456, "pct_of_mv": 0.0, "min_skewness_of_continuous_attributes": -0.24454139210403256, "max_skewness_of_continuous_attributes": 0.10020577339851083, "mean_skewness_of_continuous_attributes": -0.05241048801449737, "std_skewness_of_continuous_attributes": 0.10992368047688499, "min_kurtosis_of_continuous_attributes": -0.24454139210403256, "max_kurtosis_of_continuous_attributes": 0.10020577339851083, "mean_kurtosis_of_continuous_attributes": -0.05241048801449737, "std_kurtosis_of_continuous_attributes": 0.10992368047688499, "t_squared_mv_normality": 0.47417840375586856, "t_squared_skewness": 0.16964934930048203, "t_squared_outliers": 0.004694835680751174, "meanshift_silhouette": null, "meanshift_dunn": null, "meanshift_cindex": -Infinity, "meanshift_calinski_harabasz": null, "meanshift_davies_bouldin": null, "meanshift_sdbw": null, "meanshift_cdbw": null, "meanshift_tau": null, "meanshift_ratkowsky_lance": 1.2452395567412558e-15, "meanshift_mcclain_rao": null, "DBSCAN_silhouette": null, "DBSCAN_davies_bouldin": null, "DBSCAN_calinski_harabasz": null, "OPTICS_silhouette": null, "OPTICS_davies_bouldin": null, "OPTICS_calinski_harabasz": null, "ferrari_distance_based": {"Mean": 1.5574100734247867, "Variance": 0.033254887252283045, "Standard deviation": 0.18235922584909994, "Skewness": 0.12297802615668431, "Kurtosis": -0.0019426254647281205, "% of values in [0, 0.1]": 0.0, "% of values in [0.1, 0.2]": 0.0, "% of values in [0.2, 0.3]": 0.0, "% of values in [0.3, 0.4]": 0.0, "% of values in [0.4, 0.5]": 0.0, "% of values in [0.5, 0.6]": 0.0, "% of values in [0.6, 0.7]": 0.0, "% of values in [0.7, 0.8]": 0.0, "% of values in [0.8, 0.9]": 8.858180529719195e-05, "% of values in [0.9, 1]": 0.00031003631854017186, "% of values with |Z-score| in [0,1)": 0.33302329701479316, "% of values with |Z-score| in [1,2)": 0.13300558065373372, "% of values with |Z-score| in [2,3)": 0.02467003277526796, "% of values with |Z-score| in [3, infinity)": 0.0015944724953494552}, "correlation_based": {"Mean": -0.004551370918481552, "Variance": 0.026660801083889716, "Standard deviation": 0.16328135559178125, "Skewness": 0.005884311001057701, "Kurtosis": -0.11897556500523399, "% of values in [0, 0.1]": 0.7368234564620427, "% of values in [0.1, 0.2]": 0.15687837718132697, "% of values in [0.2, 0.3]": 0.07471875276818142, "% of values in [0.3, 0.4]": 0.025467269022942687, "% of values in [0.4, 0.5]": 0.005536362831074497, "% of values in [0.5, 0.6]": 0.0005757817344317478, "% of values in [0.6, 0.7]": 0.0, "% of values in [0.7, 0.8]": 0.0, "% of values in [0.8, 0.9]": 0.0, "% of values in [0.9, 1]": 0.0, "% of values with |Z-score| in [0,1)": 0.3398883869253255, "% of values with |Z-score| in [1,2)": 0.1355301621047037, "% of values with |Z-score| in [2,3)": 0.022721233058729737, "% of values with |Z-score| in [3, infinity)": 0.0007972362476747276}, "correlation_and_distance": {"Mean": 0.42716027660115863, "Variance": 0.013020175221881976, "Standard deviation": 0.11410598241057292, "Skewness": 0.07177143814326936, "Kurtosis": -0.018211152750794657, "% of values in [0, 0.1]": 0.001771636105943839, "% of values in [0.1, 0.2]": 0.019665160775976614, "% of values in [0.2, 0.3]": 0.11174594738240766, "% of values in [0.3, 0.4]": 0.27819115953583134, "% of values in [0.4, 0.5]": 0.3283727522366906, "% of values in [0.5, 0.6]": 0.19204535388431215, "% of values in [0.6, 0.7]": 0.05926122774382142, "% of values in [0.7, 0.8]": 0.00837098060058464, "% of values in [0.8, 0.9]": 0.0005314908317831517, "% of values in [0.9, 1]": 0.0, "% of values with |Z-score| in [0,1)": 0.3345291877048454, "% of values with |Z-score| in [1,2)": 0.13468863495438038, "% of values with |Z-score| in [2,3)": 0.022942687571972716, "% of values with |Z-score| in [3, infinity)": 0.0015944724953494552}, "marcoge": null}