{"log2_no_instances": 8.49585502688717, "log2_no_attributes": 3.4594316186372973, "log10_no_instances": 5.8888779583328805, "log10_no_attributes": 2.3978952727983707, "instances_to_features": 32.81818181818182, "log_instances_to_features": 3.4909826855345103, "features_to_instances": 32.81818181818182, "log_features_to_instances": 3.4909826855345103, "Hopkin's statistic": 0.99467388776666, "pct_of_discrete_attributes": 0.0, "mean_entropy_of_discrete_attributes": 0, "mean_absolute_correlation_of_continuous_attributes": 0.04048365677520494, "mean_concentration_of_discrete_attributes": NaN, "pca_95_components_to_features_ratio": 1.0, "pca_first_component_skewness": -0.7398354998003512, "pca_first_component_kurtosis": -0.8192249929751068, "pct_of_outliers": 0.0664819944598338, "pct_of_mv": 0.0, "min_skewness_of_continuous_attributes": -0.24454139210403256, "max_skewness_of_continuous_attributes": 0.10020577339851083, "mean_skewness_of_continuous_attributes": -0.05241048801449737, "std_skewness_of_continuous_attributes": 0.10992368047688499, "min_kurtosis_of_continuous_attributes": -0.24454139210403256, "max_kurtosis_of_continuous_attributes": 0.10020577339851083, "mean_kurtosis_of_continuous_attributes": -0.05241048801449737, "std_kurtosis_of_continuous_attributes": 0.10992368047688499, "t_squared_mv_normality": 0.4930747922437673, "t_squared_skewness": 0.8133907433977878, "t_squared_outliers": 0.002770083102493075, "meanshift_silhouette": null, "meanshift_dunn": null, "meanshift_cindex": -Infinity, "meanshift_calinski_harabasz": null, "meanshift_davies_bouldin": null, "meanshift_sdbw": null, "meanshift_cdbw": null, "meanshift_tau": null, "meanshift_ratkowsky_lance": 2.093142667630578e-15, "meanshift_mcclain_rao": null, "DBSCAN_silhouette": 0.14792812040444786, "DBSCAN_davies_bouldin": 10.85723642830909, "DBSCAN_calinski_harabasz": 1.2892075814210457, "OPTICS_silhouette": -0.11024209388250625, "OPTICS_davies_bouldin": 2.3981918907637416, "OPTICS_calinski_harabasz": 2.0974709548715342, "ferrari_distance_based": {"Mean": 0.8083117165484175, "Variance": 0.028999055961637283, "Standard deviation": 0.17029109184463315, "Skewness": 0.20764811668768762, "Kurtosis": 0.012598658495597714, "% of values in [0, 0.1]": 0.0, "% of values in [0.1, 0.2]": 0.0, "% of values in [0.2, 0.3]": 0.0003231763619575254, "% of values in [0.3, 0.4]": 0.004016620498614959, "% of values in [0.4, 0.5]": 0.02383810403200985, "% of values in [0.5, 0.6]": 0.0806863650353955, "% of values in [0.6, 0.7]": 0.1595721760541705, "% of values in [0.7, 0.8]": 0.22734687596183442, "% of values in [0.8, 0.9]": 0.21705140043090182, "% of values in [0.9, 1]": 0.15427823945829486, "% of values with |Z-score| in [0,1)": 0.32483841181902123, "% of values with |Z-score| in [1,2)": 0.13110187750076946, "% of values with |Z-score| in [2,3)": 0.025407817790089257, "% of values with |Z-score| in [3, infinity)": 0.0027546937519236686}, "correlation_based": {"Mean": -0.0026005101307195796, "Variance": 0.09989565199214978, "Standard deviation": 0.31606273426671133, "Skewness": 0.005095223876096588, "Kurtosis": -0.4157103662819366, "% of values in [0, 0.1]": 0.6181286549707602, "% of values in [0.1, 0.2]": 0.10680209295167743, "% of values in [0.2, 0.3]": 0.09090489381348107, "% of values in [0.3, 0.4]": 0.07331486611265005, "% of values in [0.4, 0.5]": 0.054262850107725455, "% of values in [0.5, 0.6]": 0.02956294244382887, "% of values in [0.6, 0.7]": 0.016943674976915974, "% of values in [0.7, 0.8]": 0.007879347491535857, "% of values in [0.8, 0.9]": 0.002108341028008618, "% of values in [0.9, 1]": 9.233610341643582e-05, "% of values with |Z-score| in [0,1)": 0.3307017543859649, "% of values with |Z-score| in [1,2)": 0.14990766389658355, "% of values with |Z-score| in [2,3)": 0.019698368728839642, "% of values with |Z-score| in [3, infinity)": 1.538935056940597e-05}, "correlation_and_distance": {"Mean": 0.49209582428445725, "Variance": 0.020597687174157376, "Standard deviation": 0.14351894360730702, "Skewness": 0.017025109509223715, "Kurtosis": -0.25862817471905375, "% of values in [0, 0.1]": 0.0015543244075100031, "% of values in [0.1, 0.2]": 0.017128347183748845, "% of values in [0.2, 0.3]": 0.07499230532471529, "% of values in [0.3, 0.4]": 0.17320714065866422, "% of values in [0.4, 0.5]": 0.2566020313942752, "% of values in [0.5, 0.6]": 0.24350569405971068, "% of values in [0.6, 0.7]": 0.1577562326869806, "% of values in [0.7, 0.8]": 0.061172668513388734, "% of values in [0.8, 0.9]": 0.012788550323176362, "% of values in [0.9, 1]": 0.0012927054478301017, "% of values with |Z-score| in [0,1)": 0.3336872883964297, "% of values with |Z-score| in [1,2)": 0.14259772237611573, "% of values with |Z-score| in [2,3)": 0.021191135734072022, "% of values with |Z-score| in [3, infinity)": 0.0007079101261926747}, "marcoge": null}