{"log2_no_instances": 8.876516946565, "log2_no_attributes": 5.044394119358453, "log10_no_instances": 6.152732694704104, "log10_no_attributes": 3.4965075614664802, "instances_to_features": 14.242424242424242, "log_instances_to_features": 2.656225133237624, "features_to_instances": 14.242424242424242, "log_features_to_instances": 2.656225133237624, "Hopkin's statistic": 0.9999994760362233, "pct_of_discrete_attributes": 0.0, "mean_entropy_of_discrete_attributes": 0, "mean_absolute_correlation_of_continuous_attributes": 0.03686157184148979, "mean_concentration_of_discrete_attributes": NaN, "pca_95_components_to_features_ratio": 0.9090909090909091, "pca_first_component_skewness": -0.11730472667862603, "pca_first_component_kurtosis": -0.5310464492344158, "pct_of_outliers": 0.24893617021276596, "pct_of_mv": 0.0, "min_skewness_of_continuous_attributes": -0.24454139210403256, "max_skewness_of_continuous_attributes": 0.10020577339851083, "mean_skewness_of_continuous_attributes": -0.05241048801449737, "std_skewness_of_continuous_attributes": 0.10992368047688499, "min_kurtosis_of_continuous_attributes": -0.24454139210403256, "max_kurtosis_of_continuous_attributes": 0.10020577339851083, "mean_kurtosis_of_continuous_attributes": -0.05241048801449737, "std_kurtosis_of_continuous_attributes": 0.10992368047688499, "t_squared_mv_normality": 0.502127659574468, "t_squared_skewness": 0.37131860998914923, "t_squared_outliers": 0.002127659574468085, "meanshift_silhouette": null, "meanshift_dunn": null, "meanshift_cindex": Infinity, "meanshift_calinski_harabasz": null, "meanshift_davies_bouldin": null, "meanshift_sdbw": null, "meanshift_cdbw": null, "meanshift_tau": null, "meanshift_ratkowsky_lance": 1.9007629499462616e-15, "meanshift_mcclain_rao": null, "DBSCAN_silhouette": null, "DBSCAN_davies_bouldin": null, "DBSCAN_calinski_harabasz": null, "OPTICS_silhouette": null, "OPTICS_davies_bouldin": null, "OPTICS_calinski_harabasz": null, "ferrari_distance_based": {"Mean": 1.3435747528232407, "Variance": 0.02630258382689983, "Standard deviation": 0.16218071348622137, "Skewness": 0.10227177391790787, "Kurtosis": -0.04108879731355852, "% of values in [0, 0.1]": 0.0, "% of values in [0.1, 0.2]": 0.0, "% of values in [0.2, 0.3]": 0.0, "% of values in [0.3, 0.4]": 0.0, "% of values in [0.4, 0.5]": 0.0, "% of values in [0.5, 0.6]": 0.0, "% of values in [0.6, 0.7]": 0.0, "% of values in [0.7, 0.8]": 0.00014517080252234268, "% of values in [0.8, 0.9]": 0.0017964886812139908, "% of values in [0.9, 1]": 0.012012883908723859, "% of values with |Z-score| in [0,1)": 0.33335752846708705, "% of values with |Z-score| in [1,2)": 0.13442816313568934, "% of values with |Z-score| in [2,3)": 0.023417865081885404, "% of values with |Z-score| in [3, infinity)": 0.0018690740824751622}, "correlation_based": {"Mean": -0.002078994322437777, "Variance": 0.030979771807927086, "Standard deviation": 0.1760107150372587, "Skewness": 0.011496353951824577, "Kurtosis": -0.11993126295371548, "% of values in [0, 0.1]": 0.7170439595336388, "% of values in [0.1, 0.2]": 0.15489724629133966, "% of values in [0.2, 0.3]": 0.08506101710293518, "% of values in [0.3, 0.4]": 0.032091820532595385, "% of values in [0.4, 0.5]": 0.009300004536587579, "% of values in [0.5, 0.6]": 0.0014244884997504878, "% of values in [0.6, 0.7]": 0.00018146350315292837, "% of values in [0.7, 0.8]": 0.0, "% of values in [0.8, 0.9]": 0.0, "% of values in [0.9, 1]": 0.0, "% of values with |Z-score| in [0,1)": 0.3384838724311573, "% of values with |Z-score| in [1,2)": 0.13857460418273373, "% of values with |Z-score| in [2,3)": 0.021748400852878463, "% of values with |Z-score| in [3, infinity)": 0.0009708297418681668}, "correlation_and_distance": {"Mean": 0.5101611713494417, "Variance": 0.013680930525674689, "Standard deviation": 0.11696550998339078, "Skewness": 0.03487726456988375, "Kurtosis": -0.04740524344874375, "% of values in [0, 0.1]": 0.0001542439776799891, "% of values in [0.1, 0.2]": 0.003184684480333893, "% of values in [0.2, 0.3]": 0.031601869074082474, "% of values in [0.3, 0.4]": 0.139055482466089, "% of values in [0.4, 0.5]": 0.29491448532413916, "% of values in [0.5, 0.6]": 0.3097581998820487, "% of values in [0.6, 0.7]": 0.16732749625731524, "% of values in [0.7, 0.8]": 0.047089779068184914, "% of values in [0.8, 0.9]": 0.006414734836456017, "% of values in [0.9, 1]": 0.000499024633670553, "% of values with |Z-score| in [0,1)": 0.3373950914122397, "% of values with |Z-score| in [1,2)": 0.1364514811958445, "% of values with |Z-score| in [2,3)": 0.022183913260445495, "% of values with |Z-score| in [3, infinity)": 0.0013337567481740236}, "marcoge": null}