{"log2_no_instances": 7.139551352398794, "log2_no_attributes": 6.442943495848728, "log10_no_instances": 4.948759890378168, "log10_no_attributes": 4.465908118654584, "instances_to_features": 1.6206896551724137, "log_instances_to_features": 0.4828517717235845, "features_to_instances": 1.6206896551724137, "log_features_to_instances": 0.4828517717235845, "Hopkin's statistic": 0.9999999999671327, "pct_of_discrete_attributes": 0.0, "mean_entropy_of_discrete_attributes": 0, "mean_absolute_correlation_of_continuous_attributes": 0.06872781626575218, "mean_concentration_of_discrete_attributes": NaN, "pca_95_components_to_features_ratio": 0.735632183908046, "pca_first_component_skewness": -0.44156302050010887, "pca_first_component_kurtosis": 1.2323790845658475, "pct_of_outliers": 0.5035460992907801, "pct_of_mv": 0.0, "min_skewness_of_continuous_attributes": -0.24454139210403256, "max_skewness_of_continuous_attributes": 0.10020577339851083, "mean_skewness_of_continuous_attributes": -0.05241048801449737, "std_skewness_of_continuous_attributes": 0.10992368047688499, "min_kurtosis_of_continuous_attributes": -0.24454139210403256, "max_kurtosis_of_continuous_attributes": 0.10020577339851083, "mean_kurtosis_of_continuous_attributes": -0.05241048801449737, "std_kurtosis_of_continuous_attributes": 0.10992368047688499, "t_squared_mv_normality": 0.5177304964539007, "t_squared_skewness": -0.12067186545960498, "t_squared_outliers": 0.0070921985815602835, "meanshift_silhouette": null, "meanshift_dunn": null, "meanshift_cindex": -Infinity, "meanshift_calinski_harabasz": null, "meanshift_davies_bouldin": null, "meanshift_sdbw": null, "meanshift_cdbw": null, "meanshift_tau": null, "meanshift_ratkowsky_lance": 8.814664641525764e-16, "meanshift_mcclain_rao": null, "DBSCAN_silhouette": null, "DBSCAN_davies_bouldin": null, "DBSCAN_calinski_harabasz": null, "OPTICS_silhouette": null, "OPTICS_davies_bouldin": null, "OPTICS_calinski_harabasz": null, "ferrari_distance_based": {"Mean": 2.541097467728905, "Variance": 0.03482313017590704, "Standard deviation": 0.18660956614254007, "Skewness": 0.061253872737883214, "Kurtosis": -0.0610151685489595, "% of values in [0, 0.1]": 0.0, "% of values in [0.1, 0.2]": 0.0, "% of values in [0.2, 0.3]": 0.0, "% of values in [0.3, 0.4]": 0.0, "% of values in [0.4, 0.5]": 0.0, "% of values in [0.5, 0.6]": 0.0, "% of values in [0.6, 0.7]": 0.0, "% of values in [0.7, 0.8]": 0.0, "% of values in [0.8, 0.9]": 0.0, "% of values in [0.9, 1]": 0.0, "% of values with |Z-score| in [0,1)": 0.3291793313069909, "% of values with |Z-score| in [1,2)": 0.13900709219858157, "% of values with |Z-score| in [2,3)": 0.02188449848024316, "% of values with |Z-score| in [3, infinity)": 0.0016210739614994933}, "correlation_based": {"Mean": -0.007048093543499712, "Variance": 0.01159261482413535, "Standard deviation": 0.10766900586582635, "Skewness": 0.008922287299360225, "Kurtosis": -0.10207951570188856, "% of values in [0, 0.1]": 0.8385005065856129, "% of values in [0.1, 0.2]": 0.13383991894630193, "% of values in [0.2, 0.3]": 0.025734549138804456, "% of values in [0.3, 0.4]": 0.0019250253292806485, "% of values in [0.4, 0.5]": 0.0, "% of values in [0.5, 0.6]": 0.0, "% of values in [0.6, 0.7]": 0.0, "% of values in [0.7, 0.8]": 0.0, "% of values in [0.8, 0.9]": 0.0, "% of values in [0.9, 1]": 0.0, "% of values with |Z-score| in [0,1)": 0.3383991894630192, "% of values with |Z-score| in [1,2)": 0.13799392097264437, "% of values with |Z-score| in [2,3)": 0.02077001013171226, "% of values with |Z-score| in [3, infinity)": 0.0013171225937183384}, "correlation_and_distance": {"Mean": 0.5119151708195337, "Variance": 0.018347962240447945, "Standard deviation": 0.13545465012485894, "Skewness": 0.03784887316753688, "Kurtosis": 0.0024460054215436067, "% of values in [0, 0.1]": 0.0012158054711246201, "% of values in [0.1, 0.2]": 0.008308004052684904, "% of values in [0.2, 0.3]": 0.04437689969604863, "% of values in [0.3, 0.4]": 0.15521783181357648, "% of values in [0.4, 0.5]": 0.2559270516717325, "% of values in [0.5, 0.6]": 0.27801418439716313, "% of values in [0.6, 0.7]": 0.17416413373860182, "% of values in [0.7, 0.8]": 0.06636271529888552, "% of values in [0.8, 0.9]": 0.013779128672745694, "% of values in [0.9, 1]": 0.0026342451874366768, "% of values with |Z-score| in [0,1)": 0.339209726443769, "% of values with |Z-score| in [1,2)": 0.13596757852077002, "% of values with |Z-score| in [2,3)": 0.021783181357649443, "% of values with |Z-score| in [3, infinity)": 0.0017223910840932118}, "marcoge": null}