{"log2_no_instances": 8.897845456005511, "log2_no_attributes": 6.303780748177103, "log10_no_instances": 6.1675164908883415, "log10_no_attributes": 4.3694478524670215, "instances_to_features": 6.037974683544304, "log_instances_to_features": 1.7980686384213198, "features_to_instances": 6.037974683544304, "log_features_to_instances": 1.7980686384213198, "Hopkin's statistic": 0.9999999999999087, "pct_of_discrete_attributes": 0.0, "mean_entropy_of_discrete_attributes": 0, "mean_absolute_correlation_of_continuous_attributes": 0.037590165262305755, "mean_concentration_of_discrete_attributes": NaN, "pca_95_components_to_features_ratio": 0.8860759493670886, "pca_first_component_skewness": 0.4214602792129886, "pca_first_component_kurtosis": 0.42581903913978136, "pct_of_outliers": 0.44863731656184486, "pct_of_mv": 0.0, "min_skewness_of_continuous_attributes": -0.24454139210403256, "max_skewness_of_continuous_attributes": 0.10020577339851083, "mean_skewness_of_continuous_attributes": -0.05241048801449737, "std_skewness_of_continuous_attributes": 0.10992368047688499, "min_kurtosis_of_continuous_attributes": -0.24454139210403256, "max_kurtosis_of_continuous_attributes": 0.10020577339851083, "mean_kurtosis_of_continuous_attributes": -0.05241048801449737, "std_kurtosis_of_continuous_attributes": 0.10992368047688499, "t_squared_mv_normality": 0.4758909853249476, "t_squared_skewness": -0.04804590251091813, "t_squared_outliers": 0.0020964360587002098, "meanshift_silhouette": null, "meanshift_dunn": null, "meanshift_cindex": Infinity, "meanshift_calinski_harabasz": null, "meanshift_davies_bouldin": null, "meanshift_sdbw": null, "meanshift_cdbw": null, "meanshift_tau": null, "meanshift_ratkowsky_lance": 1.803256402158679e-15, "meanshift_mcclain_rao": null, "DBSCAN_silhouette": null, "DBSCAN_davies_bouldin": null, "DBSCAN_calinski_harabasz": null, "OPTICS_silhouette": null, "OPTICS_davies_bouldin": null, "OPTICS_calinski_harabasz": null, "ferrari_distance_based": {"Mean": 2.10499663411797, "Variance": 0.029460042571753626, "Standard deviation": 0.17163928038696044, "Skewness": 0.06492790161345607, "Kurtosis": 0.01518484382438512, "% of values in [0, 0.1]": 0.0, "% of values in [0.1, 0.2]": 0.0, "% of values in [0.2, 0.3]": 0.0, "% of values in [0.3, 0.4]": 0.0, "% of values in [0.4, 0.5]": 0.0, "% of values in [0.5, 0.6]": 0.0, "% of values in [0.6, 0.7]": 0.0, "% of values in [0.7, 0.8]": 0.0, "% of values in [0.8, 0.9]": 0.0, "% of values in [0.9, 1]": 0.0, "% of values with |Z-score| in [0,1)": 0.3378961647552103, "% of values with |Z-score| in [1,2)": 0.1332734351602276, "% of values with |Z-score| in [2,3)": 0.022822965664253122, "% of values with |Z-score| in [3, infinity)": 0.0017529024188291669}, "correlation_based": {"Mean": -0.0020747486248440046, "Variance": 0.01276375923778825, "Standard deviation": 0.11297680840680643, "Skewness": 0.018546444004107026, "Kurtosis": -0.06542090228923492, "% of values in [0, 0.1]": 0.8163856737663618, "% of values in [0.1, 0.2]": 0.14669767277980375, "% of values in [0.2, 0.3]": 0.033296337402885685, "% of values in [0.3, 0.4]": 0.003514613392526822, "% of values in [0.4, 0.5]": 0.00010570265842185931, "% of values in [0.5, 0.6]": 0.0, "% of values in [0.6, 0.7]": 0.0, "% of values in [0.7, 0.8]": 0.0, "% of values in [0.8, 0.9]": 0.0, "% of values in [0.9, 1]": 0.0, "% of values with |Z-score| in [0,1)": 0.3397283441678558, "% of values with |Z-score| in [1,2)": 0.13641808924827792, "% of values with |Z-score| in [2,3)": 0.021677853531349645, "% of values with |Z-score| in [3, infinity)": 0.0014181773338266125}, "correlation_and_distance": {"Mean": 0.4775263685724504, "Variance": 0.011875309978978829, "Standard deviation": 0.10897389586033358, "Skewness": 0.026422842038798973, "Kurtosis": 0.008094060005210402, "% of values in [0, 0.1]": 0.00017617109736976552, "% of values in [0.1, 0.2]": 0.004818279513063087, "% of values in [0.2, 0.3]": 0.046253721614431934, "% of values in [0.3, 0.4]": 0.188591159734334, "% of values in [0.4, 0.5]": 0.3425118475062981, "% of values in [0.5, 0.6]": 0.2871676972675863, "% of values in [0.6, 0.7]": 0.10907633493649031, "% of values in [0.7, 0.8]": 0.019581417472649437, "% of values in [0.8, 0.9]": 0.0017176681993552139, "% of values in [0.9, 1]": 0.00010570265842185931, "% of values with |Z-score| in [0,1)": 0.3413667353733946, "% of values with |Z-score| in [1,2)": 0.13436569596392017, "% of values with |Z-score| in [2,3)": 0.02192449306766732, "% of values with |Z-score| in [3, infinity)": 0.0015855398763278896}, "marcoge": null}