{"log2_no_instances": 8.89178370321831, "log2_no_attributes": 5.727920454563199, "log10_no_instances": 6.163314804034641, "log10_no_attributes": 3.970291913552122, "instances_to_features": 8.962264150943396, "log_instances_to_features": 2.1930228904825193, "features_to_instances": 8.962264150943396, "log_features_to_instances": 2.1930228904825193, "Hopkin's statistic": 0.9999999997765189, "pct_of_discrete_attributes": 0.0, "mean_entropy_of_discrete_attributes": 0, "mean_absolute_correlation_of_continuous_attributes": 0.035162017322465364, "mean_concentration_of_discrete_attributes": NaN, "pca_95_components_to_features_ratio": 0.9056603773584906, "pca_first_component_skewness": 0.5761380920234965, "pca_first_component_kurtosis": 0.5675485676022087, "pct_of_outliers": 0.36, "pct_of_mv": 0.0, "min_skewness_of_continuous_attributes": -0.24454139210403256, "max_skewness_of_continuous_attributes": 0.10020577339851083, "mean_skewness_of_continuous_attributes": -0.05241048801449737, "std_skewness_of_continuous_attributes": 0.10992368047688499, "min_kurtosis_of_continuous_attributes": -0.24454139210403256, "max_kurtosis_of_continuous_attributes": 0.10020577339851083, "mean_kurtosis_of_continuous_attributes": -0.05241048801449737, "std_kurtosis_of_continuous_attributes": 0.10992368047688499, "t_squared_mv_normality": 0.49473684210526314, "t_squared_skewness": 0.13881495089516122, "t_squared_outliers": 0.002105263157894737, "meanshift_silhouette": null, "meanshift_dunn": null, "meanshift_cindex": Infinity, "meanshift_calinski_harabasz": null, "meanshift_davies_bouldin": null, "meanshift_sdbw": null, "meanshift_cdbw": null, "meanshift_tau": null, "meanshift_ratkowsky_lance": 1.6732056000690104e-15, "meanshift_mcclain_rao": null, "DBSCAN_silhouette": null, "DBSCAN_davies_bouldin": null, "DBSCAN_calinski_harabasz": null, "OPTICS_silhouette": null, "OPTICS_davies_bouldin": null, "OPTICS_calinski_harabasz": null, "ferrari_distance_based": {"Mean": 1.7069705827474408, "Variance": 0.02803879518964105, "Standard deviation": 0.16744788798202578, "Skewness": 0.044507773200455354, "Kurtosis": -0.0535254905900584, "% of values in [0, 0.1]": 0.0, "% of values in [0.1, 0.2]": 0.0, "% of values in [0.2, 0.3]": 0.0, "% of values in [0.3, 0.4]": 0.0, "% of values in [0.4, 0.5]": 0.0, "% of values in [0.5, 0.6]": 0.0, "% of values in [0.6, 0.7]": 0.0, "% of values in [0.7, 0.8]": 0.0, "% of values in [0.8, 0.9]": 0.0, "% of values in [0.9, 1]": 0.0, "% of values with |Z-score| in [0,1)": 0.33637130801687765, "% of values with |Z-score| in [1,2)": 0.13683322229624695, "% of values with |Z-score| in [2,3)": 0.021621141461248057, "% of values with |Z-score| in [3, infinity)": 0.0016078170108816345}, "correlation_based": {"Mean": -0.0020436535151365735, "Variance": 0.019146278773737747, "Standard deviation": 0.13837007904072957, "Skewness": 0.001925686937392909, "Kurtosis": -0.06746850232147139, "% of values in [0, 0.1]": 0.7682167443926271, "% of values in [0.1, 0.2]": 0.15958250055518544, "% of values in [0.2, 0.3]": 0.05800577392849211, "% of values in [0.3, 0.4]": 0.012649344881190317, "% of values in [0.4, 0.5]": 0.0014656895403064624, "% of values in [0.5, 0.6]": 7.994670219853431e-05, "% of values in [0.6, 0.7]": 0.0, "% of values in [0.7, 0.8]": 0.0, "% of values in [0.8, 0.9]": 0.0, "% of values in [0.9, 1]": 0.0, "% of values with |Z-score| in [0,1)": 0.3405107705973795, "% of values with |Z-score| in [1,2)": 0.1372862536087053, "% of values with |Z-score| in [2,3)": 0.021310237619364868, "% of values with |Z-score| in [3, infinity)": 0.001216966466799911}, "correlation_and_distance": {"Mean": 0.5029031024884927, "Variance": 0.013752968727016231, "Standard deviation": 0.11727305200691347, "Skewness": 0.023947581872563205, "Kurtosis": -0.025672313652559176, "% of values in [0, 0.1]": 0.00017765933821896514, "% of values in [0.1, 0.2]": 0.004290473017988008, "% of values in [0.2, 0.3]": 0.03631356873195647, "% of values in [0.3, 0.4]": 0.15117921385742839, "% of values in [0.4, 0.5]": 0.29993337774816786, "% of values in [0.5, 0.6]": 0.30401065956029316, "% of values in [0.6, 0.7]": 0.15704197201865422, "% of values in [0.7, 0.8]": 0.04114590273151233, "% of values in [0.8, 0.9]": 0.005578503220075505, "% of values in [0.9, 1]": 0.00031978680879413726, "% of values with |Z-score| in [0,1)": 0.3386631134799023, "% of values with |Z-score| in [1,2)": 0.13568731956473462, "% of values with |Z-score| in [2,3)": 0.022287363979569177, "% of values with |Z-score| in [3, infinity)": 0.0013235620697312903}, "marcoge": null}