{"log2_no_instances": 8.238404739325079, "log2_no_attributes": 5.129283016944966, "log10_no_instances": 5.71042701737487, "log10_no_attributes": 3.5553480614894135, "instances_to_features": 8.628571428571428, "log_instances_to_features": 2.1550789558854557, "features_to_instances": 8.628571428571428, "log_features_to_instances": 2.1550789558854557, "Hopkin's statistic": 0.999998950479913, "pct_of_discrete_attributes": 0.0, "mean_entropy_of_discrete_attributes": 0, "mean_absolute_correlation_of_continuous_attributes": 0.04568496346869314, "mean_concentration_of_discrete_attributes": NaN, "pca_95_components_to_features_ratio": 0.9142857142857143, "pca_first_component_skewness": 0.01977225410333539, "pca_first_component_kurtosis": 0.008310952981177788, "pct_of_outliers": 0.2582781456953642, "pct_of_mv": 0.0, "min_skewness_of_continuous_attributes": -0.24454139210403256, "max_skewness_of_continuous_attributes": 0.10020577339851083, "mean_skewness_of_continuous_attributes": -0.05241048801449737, "std_skewness_of_continuous_attributes": 0.10992368047688499, "min_kurtosis_of_continuous_attributes": -0.24454139210403256, "max_kurtosis_of_continuous_attributes": 0.10020577339851083, "mean_kurtosis_of_continuous_attributes": -0.05241048801449737, "std_kurtosis_of_continuous_attributes": 0.10992368047688499, "t_squared_mv_normality": 0.5, "t_squared_skewness": 0.30028809618870933, "t_squared_outliers": 0.0033112582781456954, "meanshift_silhouette": null, "meanshift_dunn": null, "meanshift_cindex": -Infinity, "meanshift_calinski_harabasz": null, "meanshift_davies_bouldin": null, "meanshift_sdbw": null, "meanshift_cdbw": null, "meanshift_tau": null, "meanshift_ratkowsky_lance": 1.2252017987371125e-15, "meanshift_mcclain_rao": null, "DBSCAN_silhouette": null, "DBSCAN_davies_bouldin": null, "DBSCAN_calinski_harabasz": null, "OPTICS_silhouette": null, "OPTICS_davies_bouldin": null, "OPTICS_calinski_harabasz": null, "ferrari_distance_based": {"Mean": 1.477178058503802, "Variance": 0.03347780293663582, "Standard deviation": 0.1829694043730695, "Skewness": 0.11622927488634613, "Kurtosis": -0.10013494353823571, "% of values in [0, 0.1]": 0.0, "% of values in [0.1, 0.2]": 0.0, "% of values in [0.2, 0.3]": 0.0, "% of values in [0.3, 0.4]": 0.0, "% of values in [0.4, 0.5]": 0.0, "% of values in [0.5, 0.6]": 0.0, "% of values in [0.6, 0.7]": 0.0, "% of values in [0.7, 0.8]": 2.200171613385844e-05, "% of values in [0.8, 0.9]": 0.00017601372907086752, "% of values in [0.9, 1]": 0.002200171613385844, "% of values with |Z-score| in [0,1)": 0.3305537831950892, "% of values with |Z-score| in [1,2)": 0.13440848386174123, "% of values with |Z-score| in [2,3)": 0.024663923786055312, "% of values with |Z-score| in [3, infinity)": 0.0015841235616378077}, "correlation_based": {"Mean": -0.0032386762965317807, "Variance": 0.029199484377470015, "Standard deviation": 0.17087856617337943, "Skewness": 0.011446264004987296, "Kurtosis": -0.09588182094521258, "% of values in [0, 0.1]": 0.7254185826494467, "% of values in [0.1, 0.2]": 0.1562341862665288, "% of values in [0.2, 0.3]": 0.07988823128203999, "% of values in [0.3, 0.4]": 0.029482299619370312, "% of values in [0.4, 0.5]": 0.007744604079118172, "% of values in [0.5, 0.6]": 0.0011660909550944975, "% of values in [0.6, 0.7]": 6.600514840157532e-05, "% of values in [0.7, 0.8]": 0.0, "% of values in [0.8, 0.9]": 0.0, "% of values in [0.9, 1]": 0.0, "% of values with |Z-score| in [0,1)": 0.33854040615167985, "% of values with |Z-score| in [1,2)": 0.13707069151393808, "% of values with |Z-score| in [2,3)": 0.021825702404787574, "% of values with |Z-score| in [3, infinity)": 0.001056082374425205}, "correlation_and_distance": {"Mean": 0.4627260210689578, "Variance": 0.01654083143790547, "Standard deviation": 0.1286111637374667, "Skewness": 0.053611988455956175, "Kurtosis": -0.028355632194807967, "% of values in [0, 0.1]": 0.002200171613385844, "% of values in [0.1, 0.2]": 0.016281269939055248, "% of values in [0.2, 0.3]": 0.08398055048293766, "% of values in [0.3, 0.4]": 0.21392268596950562, "% of values in [0.4, 0.5]": 0.30153351961452995, "% of values in [0.5, 0.6]": 0.23772854282634046, "% of values in [0.6, 0.7]": 0.1107566390178434, "% of values in [0.7, 0.8]": 0.028800246419220698, "% of values in [0.8, 0.9]": 0.00437834151063783, "% of values in [0.9, 1]": 0.00041803260654331035, "% of values with |Z-score| in [0,1)": 0.33587819849948297, "% of values with |Z-score| in [1,2)": 0.13548656795230027, "% of values with |Z-score| in [2,3)": 0.02272777276627577, "% of values with |Z-score| in [3, infinity)": 0.0013861081164330818}, "marcoge": null}