{"log2_no_instances": 8.257387842692651, "log2_no_attributes": 5.169925001442312, "log10_no_instances": 5.723585101952381, "log10_no_attributes": 3.58351893845611, "instances_to_features": 8.5, "log_instances_to_features": 2.1400661634962708, "features_to_instances": 8.5, "log_features_to_instances": 2.1400661634962708, "Hopkin's statistic": 0.9999990844814275, "pct_of_discrete_attributes": 0.0, "mean_entropy_of_discrete_attributes": 0, "mean_absolute_correlation_of_continuous_attributes": 0.046231719550503855, "mean_concentration_of_discrete_attributes": NaN, "pca_95_components_to_features_ratio": 0.9166666666666666, "pca_first_component_skewness": 0.1945249195458232, "pca_first_component_kurtosis": -0.823691328989999, "pct_of_outliers": 0.20915032679738563, "pct_of_mv": 0.0, "min_skewness_of_continuous_attributes": -0.24454139210403256, "max_skewness_of_continuous_attributes": 0.10020577339851083, "mean_skewness_of_continuous_attributes": -0.05241048801449737, "std_skewness_of_continuous_attributes": 0.10992368047688499, "min_kurtosis_of_continuous_attributes": -0.24454139210403256, "max_kurtosis_of_continuous_attributes": 0.10020577339851083, "mean_kurtosis_of_continuous_attributes": -0.05241048801449737, "std_kurtosis_of_continuous_attributes": 0.10992368047688499, "t_squared_mv_normality": 0.5130718954248366, "t_squared_skewness": 0.4686590547590856, "t_squared_outliers": 0.0032679738562091504, "meanshift_silhouette": 0.1539873104835585, "meanshift_dunn": 0.624072882846728, "meanshift_cindex": 0.24364562210375873, "meanshift_calinski_harabasz": 1.8100290322351156, "meanshift_davies_bouldin": 0.735343365784714, "meanshift_sdbw": 0.498898279366432, "meanshift_cdbw": null, "meanshift_tau": -1.2715748146911676e-06, "meanshift_ratkowsky_lance": 0.05649006116630722, "meanshift_mcclain_rao": 0.8407011714681742, "DBSCAN_silhouette": null, "DBSCAN_davies_bouldin": null, "DBSCAN_calinski_harabasz": null, "OPTICS_silhouette": null, "OPTICS_davies_bouldin": null, "OPTICS_calinski_harabasz": null, "ferrari_distance_based": {"Mean": 1.46806664533537, "Variance": 0.03186051319916369, "Standard deviation": 0.17849513494536395, "Skewness": 0.1258918869495628, "Kurtosis": -0.039574485775181856, "% of values in [0, 0.1]": 0.0, "% of values in [0.1, 0.2]": 0.0, "% of values in [0.2, 0.3]": 0.0, "% of values in [0.3, 0.4]": 0.0, "% of values in [0.4, 0.5]": 0.0, "% of values in [0.5, 0.6]": 0.0, "% of values in [0.6, 0.7]": 0.0, "% of values in [0.7, 0.8]": 2.1429336762027214e-05, "% of values in [0.8, 0.9]": 0.0003857280617164899, "% of values in [0.9, 1]": 0.001885781635058395, "% of values with |Z-score| in [0,1)": 0.3300760741455052, "% of values with |Z-score| in [1,2)": 0.13352619736419158, "% of values with |Z-score| in [2,3)": 0.024129433194042645, "% of values with |Z-score| in [3, infinity)": 0.0019500696453444767}, "correlation_based": {"Mean": -0.003207997205700146, "Variance": 0.028604726641134535, "Standard deviation": 0.1691293192830106, "Skewness": -0.0005829865017921963, "Kurtosis": -0.1500419987553263, "% of values in [0, 0.1]": 0.7249758919961428, "% of values in [0.1, 0.2]": 0.15791278259937855, "% of values in [0.2, 0.3]": 0.08121718632808314, "% of values in [0.3, 0.4]": 0.02839387120968606, "% of values in [0.4, 0.5]": 0.006728811743276546, "% of values in [0.5, 0.6]": 0.0007071681131468981, "% of values in [0.6, 0.7]": 6.428801028608164e-05, "% of values in [0.7, 0.8]": 0.0, "% of values in [0.8, 0.9]": 0.0, "% of values in [0.9, 1]": 0.0, "% of values with |Z-score| in [0,1)": 0.33650487517411337, "% of values with |Z-score| in [1,2)": 0.13946212364727312, "% of values with |Z-score| in [2,3)": 0.021536483445837352, "% of values with |Z-score| in [3, infinity)": 0.0007071681131468981}, "correlation_and_distance": {"Mean": 0.48125367133427527, "Variance": 0.014446776883037965, "Standard deviation": 0.12019474565486615, "Skewness": 0.0495352309639679, "Kurtosis": -0.06244882858526335, "% of values in [0, 0.1]": 0.0004500160720025715, "% of values in [0.1, 0.2]": 0.00792885460195007, "% of values in [0.2, 0.3]": 0.05515911282545805, "% of values in [0.3, 0.4]": 0.18979963570127503, "% of values in [0.4, 0.5]": 0.3107039537126326, "% of values in [0.5, 0.6]": 0.2725811636129862, "% of values in [0.6, 0.7]": 0.12741883638701382, "% of values in [0.7, 0.8]": 0.031458266366655954, "% of values in [0.8, 0.9]": 0.004328726025929498, "% of values in [0.9, 1]": 0.00017143469409621772, "% of values with |Z-score| in [0,1)": 0.33736204864459446, "% of values with |Z-score| in [1,2)": 0.137019179256402, "% of values with |Z-score| in [2,3)": 0.021707918139933568, "% of values with |Z-score| in [3, infinity)": 0.0016286295939140685}, "marcoge": null}