{"log2_no_instances": 8.558420713268664, "log2_no_attributes": 1.0, "log10_no_instances": 5.932245187448011, "log10_no_attributes": 0.6931471805599453, "instances_to_features": 188.5, "log_instances_to_features": 5.2390980068880655, "features_to_instances": 188.5, "log_features_to_instances": 5.2390980068880655, "Hopkin's statistic": 0.7405192956761568, "pct_of_discrete_attributes": 0.0, "mean_entropy_of_discrete_attributes": 0, "mean_absolute_correlation_of_continuous_attributes": 0.3125236771438209, "mean_concentration_of_discrete_attributes": NaN, "pca_95_components_to_features_ratio": 1.0, "pca_first_component_skewness": 9.34475136451181e-16, "pca_first_component_kurtosis": -2.0, "pct_of_outliers": 0.0, "pct_of_mv": 0.0, "min_skewness_of_continuous_attributes": 0.02203484057156591, "max_skewness_of_continuous_attributes": 0.09325476932458912, "mean_skewness_of_continuous_attributes": 0.05764480494807751, "std_skewness_of_continuous_attributes": 0.03560996437651161, "min_kurtosis_of_continuous_attributes": 0.02203484057156591, "max_kurtosis_of_continuous_attributes": 0.09325476932458912, "mean_kurtosis_of_continuous_attributes": 0.05764480494807751, "std_kurtosis_of_continuous_attributes": 0.03560996437651161, "t_squared_mv_normality": 0.44562334217506633, "t_squared_skewness": 1.4121216470369053, "t_squared_outliers": 0.002652519893899204, "meanshift_silhouette": null, "meanshift_dunn": null, "meanshift_cindex": Infinity, "meanshift_calinski_harabasz": null, "meanshift_davies_bouldin": null, "meanshift_sdbw": null, "meanshift_cdbw": null, "meanshift_tau": null, "meanshift_ratkowsky_lance": 1.7111976486186114e-15, "meanshift_mcclain_rao": null, "DBSCAN_silhouette": null, "DBSCAN_davies_bouldin": null, "DBSCAN_calinski_harabasz": null, "OPTICS_silhouette": -0.09253857012703591, "OPTICS_davies_bouldin": 1.9270837549426607, "OPTICS_calinski_harabasz": 11.665074330787146, "ferrari_distance_based": {"Mean": 0.35398655815289337, "Variance": 0.03237167052507022, "Standard deviation": 0.17992128980493172, "Skewness": 0.43864078792055394, "Kurtosis": -0.33808463226044516, "% of values in [0, 0.1]": 0.06178396072013093, "% of values in [0.1, 0.2]": 0.15848806366047746, "% of values in [0.2, 0.3]": 0.20435690501721315, "% of values in [0.3, 0.4]": 0.20033579773124893, "% of values in [0.4, 0.5]": 0.16005417912974773, "% of values in [0.5, 0.6]": 0.1104746317512275, "% of values in [0.6, 0.7]": 0.06469044528472262, "% of values in [0.7, 0.8]": 0.02965742987753259, "% of values in [0.8, 0.9]": 0.008592471358428805, "% of values in [0.9, 1]": 0.001467351430667645, "% of values with |Z-score| in [0,1)": 0.29207348044472037, "% of values with |Z-score| in [1,2)": 0.1385659461594898, "% of values with |Z-score| in [2,3)": 0.031675038094700604, "% of values with |Z-score| in [3, infinity)": 0.001721316101360122}, "correlation_based": {"Mean": NaN, "Variance": NaN, "Standard deviation": NaN, "Skewness": NaN, "Kurtosis": NaN, "% of values in [0, 0.1]": 0.4986596309046786, "% of values in [0.1, 0.2]": 0.0, "% of values in [0.2, 0.3]": 0.0, "% of values in [0.3, 0.4]": 0.0, "% of values in [0.4, 0.5]": 0.0, "% of values in [0.5, 0.6]": 0.0, "% of values in [0.6, 0.7]": 0.0, "% of values in [0.7, 0.8]": 0.0, "% of values in [0.8, 0.9]": 0.0, "% of values in [0.9, 1]": 0.496035329307523, "% of values with |Z-score| in [0,1)": 0.0, "% of values with |Z-score| in [1,2)": 0.0, "% of values with |Z-score| in [2,3)": 0.0, "% of values with |Z-score| in [3, infinity)": 0.0}, "correlation_and_distance": {"Mean": NaN, "Variance": NaN, "Standard deviation": NaN, "Skewness": NaN, "Kurtosis": NaN, "% of values in [0, 0.1]": 0.219651221852249, "% of values in [0.1, 0.2]": 0.23043061120830746, "% of values in [0.2, 0.3]": 0.04808397765110898, "% of values in [0.3, 0.4]": 0.0004938201930131497, "% of values in [0.4, 0.5]": 0.0, "% of values in [0.5, 0.6]": 0.0, "% of values in [0.6, 0.7]": 0.04445792651955528, "% of values in [0.7, 0.8]": 0.2847367232913821, "% of values in [0.8, 0.9]": 0.15311247813082002, "% of values in [0.9, 1]": 0.013728201365765563, "% of values with |Z-score| in [0,1)": 0.0, "% of values with |Z-score| in [1,2)": 0.0, "% of values with |Z-score| in [2,3)": 0.0, "% of values with |Z-score| in [3, infinity)": 0.0}, "marcoge": {"marcoge_mf_1": 2.291510820388794, "marcoge_mf_2": 0.0, "marcoge_mf_3": 0.0, "marcoge_mf_4": 1.3125286102294922, "marcoge_mf_5": 0.0, "marcoge_mf_6": 0.0, "marcoge_mf_7": 0.0, "marcoge_mf_8": 0.0, "marcoge_mf_9": 0.0, "marcoge_mf_10": 0.0, "marcoge_mf_11": 0.0, "marcoge_mf_12": 0.0, "marcoge_mf_13": 0.0, "marcoge_mf_14": 2.610347270965576, "marcoge_mf_15": 0.02552349679172039, "marcoge_mf_16": 1.8462058305740356, "marcoge_mf_17": 0.0, "marcoge_mf_18": 0.0, "marcoge_mf_19": 2.7212140560150146, "marcoge_mf_20": 1.113752007484436, "marcoge_mf_21": 0.0, "marcoge_mf_22": 0.0, "marcoge_mf_23": 0.0, "marcoge_mf_24": 2.2237322330474854, "marcoge_mf_25": 0.0, "marcoge_mf_26": 0.2825585603713989, "marcoge_mf_27": 0.0, "marcoge_mf_28": 0.0, "marcoge_mf_29": 2.1116132736206055, "marcoge_mf_30": 0.049222927540540695, "marcoge_mf_31": 0.0, "marcoge_mf_32": 0.0, "marcoge_mf_33": 0.0, "marcoge_mf_34": 1.1090672016143799, "marcoge_mf_35": 0.0, "marcoge_mf_36": 0.0, "marcoge_mf_37": 0.0, "marcoge_mf_38": 1.9052538871765137, "marcoge_mf_39": 0.0, "marcoge_mf_40": 0.7089594602584839, "marcoge_mf_41": 0.0, "marcoge_mf_42": 0.0, "marcoge_mf_43": 0.0, "marcoge_mf_44": 0.0, "marcoge_mf_45": 0.0, "marcoge_mf_46": 0.0, "marcoge_mf_47": 0.0, "marcoge_mf_48": 0.0, "marcoge_mf_49": 2.2066001892089844, "marcoge_mf_50": 0.0, "marcoge_mf_51": 0.0, "marcoge_mf_52": 0.0, "marcoge_mf_53": 0.0, "marcoge_mf_54": 0.0, "marcoge_mf_55": 0.0, "marcoge_mf_56": 1.4489809274673462, "marcoge_mf_57": 0.0, "marcoge_mf_58": 0.0, "marcoge_mf_59": 0.0, "marcoge_mf_60": 0.0, "marcoge_mf_61": 0.0, "marcoge_mf_62": 0.0, "marcoge_mf_63": 1.356879711151123, "marcoge_mf_64": 0.0, "marcoge_mf_65": 0.0, "marcoge_mf_66": 0.7617475390434265, "marcoge_mf_67": 0.0, "marcoge_mf_68": 2.0538992881774902, "marcoge_mf_69": 1.0483708381652832, "marcoge_mf_70": 0.0, "marcoge_mf_71": 0.9293405413627625, "marcoge_mf_72": 2.419968366622925, "marcoge_mf_73": 0.0, "marcoge_mf_74": 0.0, "marcoge_mf_75": 0.0, "marcoge_mf_76": 0.0, "marcoge_mf_77": 0.0, "marcoge_mf_78": 1.1872222423553467, "marcoge_mf_79": 1.9582180976867676, "marcoge_mf_80": 0.0, "marcoge_mf_81": 1.5087343454360962, "marcoge_mf_82": 0.0, "marcoge_mf_83": 1.4106141328811646, "marcoge_mf_84": 0.0, "marcoge_mf_85": 0.0, "marcoge_mf_86": 0.0, "marcoge_mf_87": 0.0, "marcoge_mf_88": 0.0, "marcoge_mf_89": 0.0, "marcoge_mf_90": 0.2528316378593445, "marcoge_mf_91": 1.2347991466522217, "marcoge_mf_92": 0.0, "marcoge_mf_93": 0.0, "marcoge_mf_94": 2.1212055683135986, "marcoge_mf_95": 0.3083397150039673, "marcoge_mf_96": 0.0, "marcoge_mf_97": 0.0, "marcoge_mf_98": 0.0, "marcoge_mf_99": 0.0, "marcoge_mf_100": 0.0, "marcoge_mf_101": 0.0, "marcoge_mf_102": 0.0, "marcoge_mf_103": 0.0, "marcoge_mf_104": 1.553071141242981, "marcoge_mf_105": 2.597036600112915, "marcoge_mf_106": 2.670527219772339, "marcoge_mf_107": 0.0, "marcoge_mf_108": 1.4349502325057983, "marcoge_mf_109": 0.96221524477005, "marcoge_mf_110": 1.7696139812469482, "marcoge_mf_111": 0.0, "marcoge_mf_112": 0.0, "marcoge_mf_113": 0.8911406993865967, "marcoge_mf_114": 0.4467114210128784, "marcoge_mf_115": 0.0, "marcoge_mf_116": 1.172636866569519, "marcoge_mf_117": 1.1072754859924316, "marcoge_mf_118": 0.0, "marcoge_mf_119": 1.126563549041748, "marcoge_mf_120": 0.0, "marcoge_mf_121": 2.123326063156128, "marcoge_mf_122": 0.0, "marcoge_mf_123": 1.1595063209533691, "marcoge_mf_124": 0.0, "marcoge_mf_125": 1.367521047592163, "marcoge_mf_126": 0.0, "marcoge_mf_127": 0.0668194442987442, "marcoge_mf_128": 1.2032381296157837, "marcoge_mf_129": 2.1457407474517822, "marcoge_mf_130": 1.6758267879486084, "marcoge_mf_131": 0.0, "marcoge_mf_132": 0.0, "marcoge_mf_133": 0.0, "marcoge_mf_134": 0.5797146558761597,