{"log2_no_instances": 7.118941072723508, "log2_no_attributes": 1.0, "log10_no_instances": 4.9344739331306915, "log10_no_attributes": 0.6931471805599453, "instances_to_features": 69.5, "log_instances_to_features": 4.241326752570746, "features_to_instances": 69.5, "log_features_to_instances": 4.241326752570746, "Hopkin's statistic": 0.521836020269548, "pct_of_discrete_attributes": 0.0, "mean_entropy_of_discrete_attributes": 0, "mean_absolute_correlation_of_continuous_attributes": 0.08321265990285671, "mean_concentration_of_discrete_attributes": NaN, "pca_95_components_to_features_ratio": 1.0, "pca_first_component_skewness": 0.0, "pca_first_component_kurtosis": -2.0, "pct_of_outliers": 0.0, "pct_of_mv": 0.0, "min_skewness_of_continuous_attributes": 0.02203484057156591, "max_skewness_of_continuous_attributes": 0.09325476932458912, "mean_skewness_of_continuous_attributes": 0.05764480494807751, "std_skewness_of_continuous_attributes": 0.03560996437651161, "min_kurtosis_of_continuous_attributes": 0.02203484057156591, "max_kurtosis_of_continuous_attributes": 0.09325476932458912, "mean_kurtosis_of_continuous_attributes": 0.05764480494807751, "std_kurtosis_of_continuous_attributes": 0.03560996437651161, "t_squared_mv_normality": 0.5323741007194245, "t_squared_skewness": 1.41482400866378, "t_squared_outliers": 0.007194244604316547, "meanshift_silhouette": null, "meanshift_dunn": null, "meanshift_cindex": -Infinity, "meanshift_calinski_harabasz": null, "meanshift_davies_bouldin": null, "meanshift_sdbw": null, "meanshift_cdbw": null, "meanshift_tau": null, "meanshift_ratkowsky_lance": 5.652013632612182e-16, "meanshift_mcclain_rao": null, "DBSCAN_silhouette": null, "DBSCAN_davies_bouldin": null, "DBSCAN_calinski_harabasz": null, "OPTICS_silhouette": -0.12298460891991805, "OPTICS_davies_bouldin": 2.5253053308828495, "OPTICS_calinski_harabasz": 5.153788707974506, "ferrari_distance_based": {"Mean": 0.35348134856005375, "Variance": 0.032203736547982253, "Standard deviation": 0.1794539956311429, "Skewness": 0.5273860370342538, "Kurtosis": -0.06331473845931468, "% of values in [0, 0.1]": 0.05724116359086644, "% of values in [0.1, 0.2]": 0.1612970493170681, "% of values in [0.2, 0.3]": 0.2073819205505161, "% of values in [0.3, 0.4]": 0.20602648316129704, "% of values in [0.4, 0.5]": 0.16160984256073402, "% of values in [0.5, 0.6]": 0.1070795537483057, "% of values in [0.6, 0.7]": 0.05911792305286206, "% of values in [0.7, 0.8]": 0.027004483369825878, "% of values in [0.8, 0.9]": 0.009383797309978105, "% of values in [0.9, 1]": 0.003440725680325305, "% of values with |Z-score| in [0,1)": 0.29767490355541654, "% of values with |Z-score| in [1,2)": 0.12782817224481285, "% of values with |Z-score| in [2,3)": 0.030549473464706496, "% of values with |Z-score| in [3, infinity)": 0.004483369825878427}, "correlation_based": {"Mean": NaN, "Variance": NaN, "Standard deviation": NaN, "Skewness": NaN, "Kurtosis": NaN, "% of values in [0, 0.1]": 0.49640287769784175, "% of values in [0.1, 0.2]": 0.0, "% of values in [0.2, 0.3]": 0.0, "% of values in [0.3, 0.4]": 0.0, "% of values in [0.4, 0.5]": 0.0, "% of values in [0.5, 0.6]": 0.0, "% of values in [0.6, 0.7]": 0.0, "% of values in [0.7, 0.8]": 0.0, "% of values in [0.8, 0.9]": 0.0, "% of values in [0.9, 1]": 0.4892086330935252, "% of values with |Z-score| in [0,1)": 0.0, "% of values with |Z-score| in [1,2)": 0.0, "% of values with |Z-score| in [2,3)": 0.0, "% of values with |Z-score| in [3, infinity)": 0.0}, "correlation_and_distance": {"Mean": NaN, "Variance": NaN, "Standard deviation": NaN, "Skewness": NaN, "Kurtosis": NaN, "% of values in [0, 0.1]": 0.2167657178604942, "% of values in [0.1, 0.2]": 0.23250964445834638, "% of values in [0.2, 0.3]": 0.04598060681889271, "% of values in [0.3, 0.4]": 0.001146908560108435, "% of values in [0.4, 0.5]": 0.0, "% of values in [0.5, 0.6]": 0.0, "% of values in [0.6, 0.7]": 0.04410384735689709, "% of values in [0.7, 0.8]": 0.292148889583985, "% of values in [0.8, 0.9]": 0.14033990199145033, "% of values in [0.9, 1]": 0.012615994161192785, "% of values with |Z-score| in [0,1)": 0.0, "% of values with |Z-score| in [1,2)": 0.0, "% of values with |Z-score| in [2,3)": 0.0, "% of values with |Z-score| in [3, infinity)": 0.0}, "marcoge": {"marcoge_mf_1": 2.29127836227417, "marcoge_mf_2": 0.0, "marcoge_mf_3": 0.0, "marcoge_mf_4": 1.3148490190505981, "marcoge_mf_5": 0.0, "marcoge_mf_6": 0.0, "marcoge_mf_7": 0.0, "marcoge_mf_8": 0.0, "marcoge_mf_9": 0.0, "marcoge_mf_10": 0.0, "marcoge_mf_11": 0.0, "marcoge_mf_12": 0.0, "marcoge_mf_13": 0.0, "marcoge_mf_14": 2.620070695877075, "marcoge_mf_15": 0.02263355255126953, "marcoge_mf_16": 1.864185094833374, "marcoge_mf_17": 0.0, "marcoge_mf_18": 0.0, "marcoge_mf_19": 2.730034112930298, "marcoge_mf_20": 1.1316410303115845, "marcoge_mf_21": 0.0, "marcoge_mf_22": 0.0, "marcoge_mf_23": 0.0, "marcoge_mf_24": 2.231336832046509, "marcoge_mf_25": 0.0, "marcoge_mf_26": 0.28718480467796326, "marcoge_mf_27": 0.0, "marcoge_mf_28": 0.0, "marcoge_mf_29": 2.1115028858184814, "marcoge_mf_30": 0.04183216392993927, "marcoge_mf_31": 0.0, "marcoge_mf_32": 0.0, "marcoge_mf_33": 0.0, "marcoge_mf_34": 1.1115511655807495, "marcoge_mf_35": 0.0, "marcoge_mf_36": 0.0, "marcoge_mf_37": 0.0, "marcoge_mf_38": 1.9069308042526245, "marcoge_mf_39": 0.0, "marcoge_mf_40": 0.7072017788887024, "marcoge_mf_41": 0.0, "marcoge_mf_42": 0.0, "marcoge_mf_43": 0.0, "marcoge_mf_44": 0.0, "marcoge_mf_45": 0.0, "marcoge_mf_46": 0.0, "marcoge_mf_47": 0.0, "marcoge_mf_48": 0.0, "marcoge_mf_49": 2.2101128101348877, "marcoge_mf_50": 0.0, "marcoge_mf_51": 0.0, "marcoge_mf_52": 0.0, "marcoge_mf_53": 0.0, "marcoge_mf_54": 0.0, "marcoge_mf_55": 0.0, "marcoge_mf_56": 1.461531639099121, "marcoge_mf_57": 0.0, "marcoge_mf_58": 0.0, "marcoge_mf_59": 0.0, "marcoge_mf_60": 0.0, "marcoge_mf_61": 0.0, "marcoge_mf_62": 0.0, "marcoge_mf_63": 1.3553816080093384, "marcoge_mf_64": 0.0, "marcoge_mf_65": 0.0, "marcoge_mf_66": 0.7513092756271362, "marcoge_mf_67": 0.0, "marcoge_mf_68": 2.0513949394226074, "marcoge_mf_69": 1.0571568012237549, "marcoge_mf_70": 0.0, "marcoge_mf_71": 0.9327731728553772, "marcoge_mf_72": 2.432734489440918, "marcoge_mf_73": 0.0, "marcoge_mf_74": 0.0, "marcoge_mf_75": 0.0, "marcoge_mf_76": 0.0, "marcoge_mf_77": 0.0, "marcoge_mf_78": 1.1900756359100342, "marcoge_mf_79": 1.9632267951965332, "marcoge_mf_80": 0.0, "marcoge_mf_81": 1.5182241201400757, "marcoge_mf_82": 0.0, "marcoge_mf_83": 1.4156502485275269, "marcoge_mf_84": 0.0, "marcoge_mf_85": 0.0, "marcoge_mf_86": 0.0, "marcoge_mf_87": 0.0, "marcoge_mf_88": 0.0, "marcoge_mf_89": 0.0, "marcoge_mf_90": 0.2569696009159088, "marcoge_mf_91": 1.2371563911437988, "marcoge_mf_92": 0.0, "marcoge_mf_93": 0.0, "marcoge_mf_94": 2.125708818435669, "marcoge_mf_95": 0.3084028363227844, "marcoge_mf_96": 0.0, "marcoge_mf_97": 0.0, "marcoge_mf_98": 0.0, "marcoge_mf_99": 0.0, "marcoge_mf_100": 0.0, "marcoge_mf_101": 0.0, "marcoge_mf_102": 0.0, "marcoge_mf_103": 0.0, "marcoge_mf_104": 1.5511958599090576, "marcoge_mf_105": 2.594632148742676, "marcoge_mf_106": 2.6832876205444336, "marcoge_mf_107": 0.0, "marcoge_mf_108": 1.4442118406295776, "marcoge_mf_109": 0.9684416651725769, "marcoge_mf_110": 1.7773535251617432, "marcoge_mf_111": 0.0, "marcoge_mf_112": 0.0, "marcoge_mf_113": 0.890681266784668, "marcoge_mf_114": 0.4490559697151184, "marcoge_mf_115": 0.0, "marcoge_mf_116": 1.174699306488037, "marcoge_mf_117": 1.1120007038116455, "marcoge_mf_118": 0.0, "marcoge_mf_119": 1.1230781078338623, "marcoge_mf_120": 0.0, "marcoge_mf_121": 2.128491163253784, "marcoge_mf_122": 0.0, "marcoge_mf_123": 1.1643930673599243, "marcoge_mf_124": 0.0, "marcoge_mf_125": 1.3697868585586548, "marcoge_mf_126": 0.0, "marcoge_mf_127": 0.07171601802110672, "marcoge_mf_128": 1.2146375179290771, "marcoge_mf_129": 2.1501998901367188, "marcoge_mf_130": 1.677502155303955, "marcoge_mf_131": 0.0, "marcoge_mf_132": 0.0, "marcoge_mf_133": 0.0, "marcoge_mf_134": 0.5866376757621765,