{"log2_no_instances": 8.693486957499326, "log2_no_attributes": 1.0, "log10_no_instances": 6.025865973825314, "log10_no_attributes": 0.6931471805599453, "instances_to_features": 207.0, "log_instances_to_features": 5.332718793265369, "features_to_instances": 207.0, "log_features_to_instances": 5.332718793265369, "Hopkin's statistic": 0.9152846519043666, "pct_of_discrete_attributes": 0.0, "mean_entropy_of_discrete_attributes": 0, "mean_absolute_correlation_of_continuous_attributes": 0.10700661125699416, "mean_concentration_of_discrete_attributes": NaN, "pca_95_components_to_features_ratio": 1.0, "pca_first_component_skewness": 0.0, "pca_first_component_kurtosis": -2.0, "pct_of_outliers": 0.014492753623188406, "pct_of_mv": 0.0, "min_skewness_of_continuous_attributes": 0.02203484057156591, "max_skewness_of_continuous_attributes": 0.09325476932458912, "mean_skewness_of_continuous_attributes": 0.05764480494807751, "std_skewness_of_continuous_attributes": 0.03560996437651161, "min_kurtosis_of_continuous_attributes": 0.02203484057156591, "max_kurtosis_of_continuous_attributes": 0.09325476932458912, "mean_kurtosis_of_continuous_attributes": 0.05764480494807751, "std_kurtosis_of_continuous_attributes": 0.03560996437651161, "t_squared_mv_normality": 0.48792270531400966, "t_squared_skewness": 1.6636315888125013, "t_squared_outliers": 0.0024154589371980675, "meanshift_silhouette": null, "meanshift_dunn": null, "meanshift_cindex": -Infinity, "meanshift_calinski_harabasz": null, "meanshift_davies_bouldin": null, "meanshift_sdbw": null, "meanshift_cdbw": null, "meanshift_tau": null, "meanshift_ratkowsky_lance": 1.0341555359428849e-15, "meanshift_mcclain_rao": null, "DBSCAN_silhouette": null, "DBSCAN_davies_bouldin": null, "DBSCAN_calinski_harabasz": null, "OPTICS_silhouette": -0.11600164900156242, "OPTICS_davies_bouldin": 3.9403235138979333, "OPTICS_calinski_harabasz": 8.563186370246385, "ferrari_distance_based": {"Mean": 0.30358790068670416, "Variance": 0.024709602446744753, "Standard deviation": 0.15719288293922454, "Skewness": 0.5982350700823391, "Kurtosis": 0.1432574384024199, "% of values in [0, 0.1]": 0.0810845586085085, "% of values in [0.1, 0.2]": 0.20371735036436583, "% of values in [0.2, 0.3]": 0.2484472049689441, "% of values in [0.3, 0.4]": 0.21308675767039806, "% of values in [0.4, 0.5]": 0.1358271630931911, "% of values in [0.5, 0.6]": 0.07203097402065714, "% of values in [0.6, 0.7]": 0.03199167163795019, "% of values in [0.7, 0.8]": 0.010141418394918764, "% of values in [0.8, 0.9]": 0.003017861529283784, "% of values in [0.9, 1]": 0.0005731597478097109, "% of values with |Z-score| in [0,1)": 0.29543460715163, "% of values with |Z-score| in [1,2)": 0.1254167105309331, "% of values with |Z-score| in [2,3)": 0.03223731152986864, "% of values with |Z-score| in [3, infinity)": 0.005123346317156192}, "correlation_based": {"Mean": 0.0004093998198640802, "Variance": 0.9999998323917874, "Standard deviation": 0.9999999161958901, "Skewness": -0.0008187997083469285, "Kurtosis": -1.999999329567038, "% of values in [0, 0.1]": 0.49979530009006795, "% of values in [0.1, 0.2]": 0.0, "% of values in [0.2, 0.3]": 0.0, "% of values in [0.3, 0.4]": 0.0, "% of values in [0.4, 0.5]": 0.0, "% of values in [0.5, 0.6]": 0.0, "% of values in [0.6, 0.7]": 0.0, "% of values in [0.7, 0.8]": 0.0, "% of values in [0.8, 0.9]": 0.0, "% of values in [0.9, 1]": 0.500204699909932, "% of values with |Z-score| in [0,1)": 0.500204699909932, "% of values with |Z-score| in [1,2)": 0.0, "% of values with |Z-score| in [2,3)": 0.0, "% of values with |Z-score| in [3, infinity)": 0.0}, "correlation_and_distance": {"Mean": 0.42357334279383657, "Variance": 0.1085075108356603, "Standard deviation": 0.3294047826545029, "Skewness": 0.0014687883723711872, "Kurtosis": -1.9048256604825269, "% of values in [0, 0.1]": 0.2782515118550491, "% of values in [0.1, 0.2]": 0.2029687335509001, "% of values in [0.2, 0.3]": 0.01834111192991075, "% of values in [0.3, 0.4]": 0.00023394275420804528, "% of values in [0.4, 0.5]": 0.0, "% of values in [0.5, 0.6]": 0.0, "% of values in [0.6, 0.7]": 0.08926085786807968, "% of values in [0.7, 0.8]": 0.3296136435414254, "% of values in [0.8, 0.9]": 0.0785462797253512, "% of values in [0.9, 1]": 0.002783918775075739, "% of values with |Z-score| in [0,1)": 0.28639271970148905, "% of values with |Z-score| in [1,2)": 0.213811980208443, "% of values with |Z-score| in [2,3)": 0.0, "% of values with |Z-score| in [3, infinity)": 0.0}, "marcoge": {"marcoge_mf_1": 2.309108018875122, "marcoge_mf_2": 0.0, "marcoge_mf_3": 0.0, "marcoge_mf_4": 1.3286514282226562, "marcoge_mf_5": 0.0, "marcoge_mf_6": 0.0, "marcoge_mf_7": 0.0, "marcoge_mf_8": 0.0, "marcoge_mf_9": 0.0, "marcoge_mf_10": 0.0, "marcoge_mf_11": 0.0, "marcoge_mf_12": 0.0, "marcoge_mf_13": 0.0, "marcoge_mf_14": 2.6345553398132324, "marcoge_mf_15": 0.02561061829328537, "marcoge_mf_16": 1.8634543418884277, "marcoge_mf_17": 0.0, "marcoge_mf_18": 0.0, "marcoge_mf_19": 2.7395260334014893, "marcoge_mf_20": 1.1272767782211304, "marcoge_mf_21": 0.0, "marcoge_mf_22": 0.0, "marcoge_mf_23": 0.0, "marcoge_mf_24": 2.243457794189453, "marcoge_mf_25": 0.0, "marcoge_mf_26": 0.28279033303260803, "marcoge_mf_27": 0.0, "marcoge_mf_28": 0.0, "marcoge_mf_29": 2.136052131652832, "marcoge_mf_30": 0.05113714188337326, "marcoge_mf_31": 0.0, "marcoge_mf_32": 0.0, "marcoge_mf_33": 0.0, "marcoge_mf_34": 1.116106390953064, "marcoge_mf_35": 0.0, "marcoge_mf_36": 0.0, "marcoge_mf_37": 0.0, "marcoge_mf_38": 1.9179948568344116, "marcoge_mf_39": 0.0, "marcoge_mf_40": 0.7164793610572815, "marcoge_mf_41": 0.0, "marcoge_mf_42": 0.0, "marcoge_mf_43": 0.0, "marcoge_mf_44": 0.0, "marcoge_mf_45": 0.0, "marcoge_mf_46": 0.0, "marcoge_mf_47": 0.0, "marcoge_mf_48": 0.0, "marcoge_mf_49": 2.2239015102386475, "marcoge_mf_50": 0.0, "marcoge_mf_51": 0.0, "marcoge_mf_52": 0.0, "marcoge_mf_53": 0.0, "marcoge_mf_54": 0.0, "marcoge_mf_55": 0.0, "marcoge_mf_56": 1.458884596824646, "marcoge_mf_57": 0.0, "marcoge_mf_58": 0.0, "marcoge_mf_59": 0.0, "marcoge_mf_60": 0.0, "marcoge_mf_61": 0.0, "marcoge_mf_62": 0.0, "marcoge_mf_63": 1.3628506660461426, "marcoge_mf_64": 0.0, "marcoge_mf_65": 0.0, "marcoge_mf_66": 0.76494961977005, "marcoge_mf_67": 0.0, "marcoge_mf_68": 2.0700109004974365, "marcoge_mf_69": 1.0611302852630615, "marcoge_mf_70": 0.0, "marcoge_mf_71": 0.941256582736969, "marcoge_mf_72": 2.43910813331604, "marcoge_mf_73": 0.0, "marcoge_mf_74": 0.0, "marcoge_mf_75": 0.0, "marcoge_mf_76": 0.0, "marcoge_mf_77": 0.0, "marcoge_mf_78": 1.196972370147705, "marcoge_mf_79": 1.9771192073822021, "marcoge_mf_80": 0.0, "marcoge_mf_81": 1.5205662250518799, "marcoge_mf_82": 0.0, "marcoge_mf_83": 1.4172779321670532, "marcoge_mf_84": 0.0, "marcoge_mf_85": 0.0, "marcoge_mf_86": 0.0, "marcoge_mf_87": 0.0, "marcoge_mf_88": 0.0, "marcoge_mf_89": 0.0, "marcoge_mf_90": 0.2560175061225891, "marcoge_mf_91": 1.2500734329223633, "marcoge_mf_92": 0.0, "marcoge_mf_93": 0.0, "marcoge_mf_94": 2.135406494140625, "marcoge_mf_95": 0.3135487735271454, "marcoge_mf_96": 0.0, "marcoge_mf_97": 0.0, "marcoge_mf_98": 0.0, "marcoge_mf_99": 0.0, "marcoge_mf_100": 0.0, "marcoge_mf_101": 0.0, "marcoge_mf_102": 0.0, "marcoge_mf_103": 0.0, "marcoge_mf_104": 1.5658128261566162, "marcoge_mf_105": 2.6182971000671387, "marcoge_mf_106": 2.688075065612793, "marcoge_mf_107": 0.0, "marcoge_mf_108": 1.4487682580947876, "marcoge_mf_109": 0.9720134139060974, "marcoge_mf_110": 1.7780470848083496, "marcoge_mf_111": 0.0, "marcoge_mf_112": 0.0, "marcoge_mf_113": 0.89659583568573, "marcoge_mf_114": 0.44641807675361633, "marcoge_mf_115": 0.0, "marcoge_mf_116": 1.1833183765411377, "marcoge_mf_117": 1.1224974393844604, "marcoge_mf_118": 0.0, "marcoge_mf_119": 1.1361851692199707, "marcoge_mf_120": 0.0, "marcoge_mf_121": 2.141475200653076, "marcoge_mf_122": 0.0, "marcoge_mf_123": 1.169679880142212, "marcoge_mf_124": 0.0, "marcoge_mf_125": 1.3770800828933716, "marcoge_mf_126": 0.0, "marcoge_mf_127": 0.07114623486995697,