{"log2_no_instances": 7.9886846867721655, "log2_no_attributes": 1.0, "log10_no_instances": 5.537334267018537, "log10_no_attributes": 0.6931471805599453, "instances_to_features": 127.0, "log_instances_to_features": 4.844187086458591, "features_to_instances": 127.0, "log_features_to_instances": 4.844187086458591, "Hopkin's statistic": 0.5745520060678978, "pct_of_discrete_attributes": 0.0, "mean_entropy_of_discrete_attributes": 0, "mean_absolute_correlation_of_continuous_attributes": 0.40121455900513076, "mean_concentration_of_discrete_attributes": NaN, "pca_95_components_to_features_ratio": 1.0, "pca_first_component_skewness": 0.0, "pca_first_component_kurtosis": -2.0, "pct_of_outliers": 0.0, "pct_of_mv": 0.0, "min_skewness_of_continuous_attributes": 0.02203484057156591, "max_skewness_of_continuous_attributes": 0.09325476932458912, "mean_skewness_of_continuous_attributes": 0.05764480494807751, "std_skewness_of_continuous_attributes": 0.03560996437651161, "min_kurtosis_of_continuous_attributes": 0.02203484057156591, "max_kurtosis_of_continuous_attributes": 0.09325476932458912, "mean_kurtosis_of_continuous_attributes": 0.05764480494807751, "std_kurtosis_of_continuous_attributes": 0.03560996437651161, "t_squared_mv_normality": 0.35826771653543305, "t_squared_skewness": 0.8133551761761283, "t_squared_outliers": 0.003937007874015748, "meanshift_silhouette": 0.47723784524724416, "meanshift_dunn": 0.01892078322398764, "meanshift_cindex": 0.10038444840936211, "meanshift_calinski_harabasz": 319.064490844122, "meanshift_davies_bouldin": 0.8247282726513531, "meanshift_sdbw": 1.1081513571735204, "meanshift_cdbw": null, "meanshift_tau": -1.6848444590453012e-06, "meanshift_ratkowsky_lance": 0.5285541414920237, "meanshift_mcclain_rao": 0.4979324744520134, "DBSCAN_silhouette": null, "DBSCAN_davies_bouldin": null, "DBSCAN_calinski_harabasz": null, "OPTICS_silhouette": -0.0128405711590485, "OPTICS_davies_bouldin": 1.480591260963351, "OPTICS_calinski_harabasz": 17.019838786389972, "ferrari_distance_based": {"Mean": 0.41139205859966355, "Variance": 0.0425115711377932, "Standard deviation": 0.206183343502314, "Skewness": 0.19996581089542287, "Kurtosis": -0.8008778743741063, "% of values in [0, 0.1]": 0.05751454981170832, "% of values in [0.1, 0.2]": 0.11474899629641157, "% of values in [0.2, 0.3]": 0.1651675951573247, "% of values in [0.3, 0.4]": 0.16554106625999812, "% of values in [0.4, 0.5]": 0.15632877906072018, "% of values in [0.5, 0.6]": 0.13560113286234476, "% of values in [0.6, 0.7]": 0.09750708038965485, "% of values in [0.7, 0.8]": 0.0804830226261243, "% of values in [0.8, 0.9]": 0.024835828327783138, "% of values in [0.9, 1]": 0.0022097040241511315, "% of values with |Z-score| in [0,1)": 0.2929569574554169, "% of values with |Z-score| in [1,2)": 0.17039619059475272, "% of values with |Z-score| in [2,3)": 0.01693068998786219, "% of values with |Z-score| in [3, infinity)": 3.1122591889452555e-05}, "correlation_based": {"Mean": 0.0022719492079300357, "Variance": 0.9999948382467964, "Standard deviation": 0.9999974191200677, "Skewness": -0.004543910143146592, "Kurtosis": -1.9999793528806111, "% of values in [0, 0.1]": 0.49886402539603497, "% of values in [0.1, 0.2]": 0.0, "% of values in [0.2, 0.3]": 0.0, "% of values in [0.3, 0.4]": 0.0, "% of values in [0.4, 0.5]": 0.0, "% of values in [0.5, 0.6]": 0.0, "% of values in [0.6, 0.7]": 0.0, "% of values in [0.7, 0.8]": 0.0, "% of values in [0.8, 0.9]": 0.0, "% of values in [0.9, 1]": 0.501135974603965, "% of values with |Z-score| in [0,1)": 0.501135974603965, "% of values with |Z-score| in [1,2)": 0.0, "% of values with |Z-score| in [2,3)": 0.0, "% of values with |Z-score| in [3, infinity)": 0.0}, "correlation_and_distance": {"Mean": 0.46297353673372577, "Variance": 0.1123826093875368, "Standard deviation": 0.33523515535745474, "Skewness": -0.0028941107398136883, "Kurtosis": -1.8414890265371753, "% of values in [0, 0.1]": 0.1749400890106128, "% of values in [0.1, 0.2]": 0.22791074040646106, "% of values in [0.2, 0.3]": 0.09520400858983537, "% of values in [0.3, 0.4]": 0.0008091873891257664, "% of values in [0.4, 0.5]": 0.0, "% of values in [0.5, 0.6]": 0.0, "% of values in [0.6, 0.7]": 0.04677725560984719, "% of values in [0.7, 0.8]": 0.23566026578693475, "% of values in [0.8, 0.9]": 0.18667330615293642, "% of values in [0.9, 1]": 0.03202514705424668, "% of values with |Z-score| in [0,1)": 0.27901403628894217, "% of values with |Z-score| in [1,2)": 0.2221219383150229, "% of values with |Z-score| in [2,3)": 0.0, "% of values with |Z-score| in [3, infinity)": 0.0}, "marcoge": {"marcoge_mf_1": 2.2748830318450928, "marcoge_mf_2": 0.0, "marcoge_mf_3": 0.0, "marcoge_mf_4": 1.3007264137268066, "marcoge_mf_5": 0.0, "marcoge_mf_6": 0.0, "marcoge_mf_7": 0.0, "marcoge_mf_8": 0.0, "marcoge_mf_9": 0.0, "marcoge_mf_10": 0.0, "marcoge_mf_11": 0.0, "marcoge_mf_12": 0.0, "marcoge_mf_13": 0.0, "marcoge_mf_14": 2.6031582355499268, "marcoge_mf_15": 0.024052171036601067, "marcoge_mf_16": 1.8437706232070923, "marcoge_mf_17": 0.0, "marcoge_mf_18": 0.0, "marcoge_mf_19": 2.7071433067321777, "marcoge_mf_20": 1.1164442300796509, "marcoge_mf_21": 0.0, "marcoge_mf_22": 0.0, "marcoge_mf_23": 0.0, "marcoge_mf_24": 2.2119200229644775, "marcoge_mf_25": 0.0, "marcoge_mf_26": 0.28511252999305725, "marcoge_mf_27": 0.0, "marcoge_mf_28": 0.0, "marcoge_mf_29": 2.0982329845428467, "marcoge_mf_30": 0.05067421495914459, "marcoge_mf_31": 0.0, "marcoge_mf_32": 0.0, "marcoge_mf_33": 0.0, "marcoge_mf_34": 1.1004446744918823, "marcoge_mf_35": 0.0, "marcoge_mf_36": 0.0, "marcoge_mf_37": 0.0, "marcoge_mf_38": 1.8928860425949097, "marcoge_mf_39": 0.0, "marcoge_mf_40": 0.7065644264221191, "marcoge_mf_41": 0.0, "marcoge_mf_42": 0.0, "marcoge_mf_43": 0.0, "marcoge_mf_44": 0.0, "marcoge_mf_45": 0.0, "marcoge_mf_46": 0.0, "marcoge_mf_47": 0.0, "marcoge_mf_48": 0.0, "marcoge_mf_49": 2.1933159828186035, "marcoge_mf_50": 0.0, "marcoge_mf_51": 0.0, "marcoge_mf_52": 0.0, "marcoge_mf_53": 0.0, "marcoge_mf_54": 0.0, "marcoge_mf_55": 0.0, "marcoge_mf_56": 1.4445215463638306, "marcoge_mf_57": 0.0, "marcoge_mf_58": 0.0, "marcoge_mf_59": 0.0, "marcoge_mf_60": 0.0, "marcoge_mf_61": 0.0, "marcoge_mf_62": 0.0, "marcoge_mf_63": 1.3490521907806396, "marcoge_mf_64": 0.0, "marcoge_mf_65": 0.0, "marcoge_mf_66": 0.747778058052063, "marcoge_mf_67": 0.0, "marcoge_mf_68": 2.039891004562378, "marcoge_mf_69": 1.046583652496338, "marcoge_mf_70": 0.0, "marcoge_mf_71": 0.9290717840194702, "marcoge_mf_72": 2.409764051437378, "marcoge_mf_73": 0.0, "marcoge_mf_74": 0.0, "marcoge_mf_75": 0.0, "marcoge_mf_76": 0.0, "marcoge_mf_77": 0.0, "marcoge_mf_78": 1.1822543144226074, "marcoge_mf_79": 1.9470343589782715, "marcoge_mf_80": 0.0, "marcoge_mf_81": 1.5051697492599487, "marcoge_mf_82": 0.0, "marcoge_mf_83": 1.4031193256378174, "marcoge_mf_84": 0.0, "marcoge_mf_85": 0.0, "marcoge_mf_86": 0.0, "marcoge_mf_87": 0.0, "marcoge_mf_88": 0.0, "marcoge_mf_89": 0.0, "marcoge_mf_90": 0.2527094781398773, "marcoge_mf_91": 1.226818323135376, "marcoge_mf_92": 0.0, "marcoge_mf_93": 0.0, "marcoge_mf_94": 2.113417625427246, "marcoge_mf_95": 0.30779752135276794, "marcoge_mf_96": 0.0, "marcoge_mf_97": 0.0, "marcoge_mf_98": 0.0, "marcoge_mf_99": 0.0, "marcoge_mf_100": 0.0, "marcoge_mf_101": 0.0, "marcoge_mf_102": 0.0, "marcoge_mf_103": 0.0, "marcoge_mf_104": 1.5399965047836304, "marcoge_mf_105": 2.580540418624878, "marcoge_mf_106": 2.65899920463562, "marcoge_mf_107": 0.0, "marcoge_mf_108": 1.4314401149749756, "marcoge_mf_109": 0.9635659456253052, "marcoge_mf_110": 1.7625848054885864, "marcoge_mf_111": 0.0, "marcoge_mf_112": 0.0, "marcoge_mf_113": 0.8913345336914062, "marcoge_mf_114": 0.4487104117870331, "marcoge_mf_115": 0.0, "marcoge_mf_116": 1.1623436212539673, "marcoge_mf_117": 1.1074113845825195, "marcoge_mf_118": 0.0, "marcoge_mf_119": 1.1146150827407837, "marcoge_mf_120": 0.0, "marcoge_mf_121": 2.11568021774292, "marcoge_mf_122": 0.0, "marcoge_mf_123": 1.1514538526535034, "marcoge_mf_124": 0.0,