{"log2_no_instances": 8.092757140919852, "log2_no_attributes": 1.0, "log10_no_instances": 5.60947179518496, "log10_no_attributes": 0.6931471805599453, "instances_to_features": 136.5, "log_instances_to_features": 4.916324614625014, "features_to_instances": 136.5, "log_features_to_instances": 4.916324614625014, "Hopkin's statistic": 0.8325344336126923, "pct_of_discrete_attributes": 0.0, "mean_entropy_of_discrete_attributes": 0, "mean_absolute_correlation_of_continuous_attributes": 0.14818029125220755, "mean_concentration_of_discrete_attributes": NaN, "pca_95_components_to_features_ratio": 1.0, "pca_first_component_skewness": 0.0, "pca_first_component_kurtosis": -2.0, "pct_of_outliers": 0.007326007326007326, "pct_of_mv": 0.0, "min_skewness_of_continuous_attributes": 0.02203484057156591, "max_skewness_of_continuous_attributes": 0.09325476932458912, "mean_skewness_of_continuous_attributes": 0.05764480494807751, "std_skewness_of_continuous_attributes": 0.03560996437651161, "min_kurtosis_of_continuous_attributes": 0.02203484057156591, "max_kurtosis_of_continuous_attributes": 0.09325476932458912, "mean_kurtosis_of_continuous_attributes": 0.05764480494807751, "std_kurtosis_of_continuous_attributes": 0.03560996437651161, "t_squared_mv_normality": 0.4468864468864469, "t_squared_skewness": 2.173682866968012, "t_squared_outliers": 0.003663003663003663, "meanshift_silhouette": 0.12544742056258415, "meanshift_dunn": 0.005457769221617488, "meanshift_cindex": 0.3222229600555307, "meanshift_calinski_harabasz": 20.102976617928228, "meanshift_davies_bouldin": 0.9879104912668263, "meanshift_sdbw": 1.1204551559609022, "meanshift_cdbw": null, "meanshift_tau": -3.505435667674802e-06, "meanshift_ratkowsky_lance": 0.20873813959066057, "meanshift_mcclain_rao": 0.6745373441995272, "DBSCAN_silhouette": null, "DBSCAN_davies_bouldin": null, "DBSCAN_calinski_harabasz": null, "OPTICS_silhouette": -0.07919334943229693, "OPTICS_davies_bouldin": 2.3183563353025645, "OPTICS_calinski_harabasz": 8.619636691182862, "ferrari_distance_based": {"Mean": 0.35001363107823313, "Variance": 0.031503759221047326, "Standard deviation": 0.1774929835825837, "Skewness": 0.5366729166087121, "Kurtosis": 0.001746114292997536, "% of values in [0, 0.1]": 0.058688860159448394, "% of values in [0.1, 0.2]": 0.15955613014436543, "% of values in [0.2, 0.3]": 0.21226567550096961, "% of values in [0.3, 0.4]": 0.2091413488472312, "% of values in [0.4, 0.5]": 0.16195324283559578, "% of values in [0.5, 0.6]": 0.10598470157293687, "% of values in [0.6, 0.7]": 0.05472958414134885, "% of values in [0.7, 0.8]": 0.024859943977591035, "% of values in [0.8, 0.9]": 0.00931911226028873, "% of values in [0.9, 1]": 0.003070458952811894, "% of values with |Z-score| in [0,1)": 0.2976998491704374, "% of values with |Z-score| in [1,2)": 0.12882460676578322, "% of values with |Z-score| in [2,3)": 0.03127020038784745, "% of values with |Z-score| in [3, infinity)": 0.004605688429217841}, "correlation_based": {"Mean": NaN, "Variance": NaN, "Standard deviation": NaN, "Skewness": NaN, "Kurtosis": NaN, "% of values in [0, 0.1]": 0.497737556561086, "% of values in [0.1, 0.2]": 0.0, "% of values in [0.2, 0.3]": 0.0, "% of values in [0.3, 0.4]": 0.0, "% of values in [0.4, 0.5]": 0.0, "% of values in [0.5, 0.6]": 0.0, "% of values in [0.6, 0.7]": 0.0, "% of values in [0.7, 0.8]": 0.0, "% of values in [0.8, 0.9]": 0.0, "% of values in [0.9, 1]": 0.4949364361129067, "% of values with |Z-score| in [0,1)": 0.0, "% of values with |Z-score| in [1,2)": 0.0, "% of values with |Z-score| in [2,3)": 0.0, "% of values with |Z-score| in [3, infinity)": 0.0}, "correlation_and_distance": {"Mean": NaN, "Variance": NaN, "Standard deviation": NaN, "Skewness": NaN, "Kurtosis": NaN, "% of values in [0, 0.1]": 0.22742943331178625, "% of values in [0.1, 0.2]": 0.22928786899375134, "% of values in [0.2, 0.3]": 0.03970049558284852, "% of values in [0.3, 0.4]": 0.001292824822236587, "% of values in [0.4, 0.5]": 2.6933850463262227e-05, "% of values in [0.5, 0.6]": 0.0, "% of values in [0.6, 0.7]": 0.07290993320405086, "% of values in [0.7, 0.8]": 0.30392156862745096, "% of values in [0.8, 0.9]": 0.11050958845076492, "% of values in [0.9, 1]": 0.007595345830639948, "% of values with |Z-score| in [0,1)": 0.0, "% of values with |Z-score| in [1,2)": 0.0, "% of values with |Z-score| in [2,3)": 0.0, "% of values with |Z-score| in [3, infinity)": 0.0}, "marcoge": {"marcoge_mf_1": 2.2957043647766113, "marcoge_mf_2": 0.0, "marcoge_mf_3": 0.0, "marcoge_mf_4": 1.3212183713912964, "marcoge_mf_5": 0.0, "marcoge_mf_6": 0.0, "marcoge_mf_7": 0.0, "marcoge_mf_8": 0.0, "marcoge_mf_9": 0.0, "marcoge_mf_10": 0.0, "marcoge_mf_11": 0.0, "marcoge_mf_12": 0.0, "marcoge_mf_13": 0.0, "marcoge_mf_14": 2.626857280731201, "marcoge_mf_15": 0.020384354516863823, "marcoge_mf_16": 1.8589553833007812, "marcoge_mf_17": 0.0, "marcoge_mf_18": 0.0, "marcoge_mf_19": 2.728106737136841, "marcoge_mf_20": 1.1239776611328125, "marcoge_mf_21": 0.0, "marcoge_mf_22": 0.0, "marcoge_mf_23": 0.0, "marcoge_mf_24": 2.2333285808563232, "marcoge_mf_25": 0.0, "marcoge_mf_26": 0.28273212909698486, "marcoge_mf_27": 0.0, "marcoge_mf_28": 0.0, "marcoge_mf_29": 2.11503529548645, "marcoge_mf_30": 0.04940134659409523, "marcoge_mf_31": 0.0, "marcoge_mf_32": 0.0, "marcoge_mf_33": 0.0, "marcoge_mf_34": 1.1136919260025024, "marcoge_mf_35": 0.0, "marcoge_mf_36": 0.0, "marcoge_mf_37": 0.0, "marcoge_mf_38": 1.9086456298828125, "marcoge_mf_39": 0.0, "marcoge_mf_40": 0.7135929465293884, "marcoge_mf_41": 0.0, "marcoge_mf_42": 0.0, "marcoge_mf_43": 0.0, "marcoge_mf_44": 0.0, "marcoge_mf_45": 0.0, "marcoge_mf_46": 0.0, "marcoge_mf_47": 0.0, "marcoge_mf_48": 0.0, "marcoge_mf_49": 2.2145729064941406, "marcoge_mf_50": 0.0, "marcoge_mf_51": 0.0, "marcoge_mf_52": 0.0, "marcoge_mf_53": 0.0, "marcoge_mf_54": 0.0, "marcoge_mf_55": 0.0, "marcoge_mf_56": 1.4535326957702637, "marcoge_mf_57": 0.0, "marcoge_mf_58": 0.0, "marcoge_mf_59": 0.0, "marcoge_mf_60": 0.0, "marcoge_mf_61": 0.0, "marcoge_mf_62": 0.0, "marcoge_mf_63": 1.3549607992172241, "marcoge_mf_64": 0.0, "marcoge_mf_65": 0.0, "marcoge_mf_66": 0.7610857486724854, "marcoge_mf_67": 0.0, "marcoge_mf_68": 2.054121971130371, "marcoge_mf_69": 1.0600104331970215, "marcoge_mf_70": 0.0, "marcoge_mf_71": 0.9320968985557556, "marcoge_mf_72": 2.428189992904663, "marcoge_mf_73": 0.0, "marcoge_mf_74": 0.0, "marcoge_mf_75": 0.0, "marcoge_mf_76": 0.0, "marcoge_mf_77": 0.0, "marcoge_mf_78": 1.196414828300476, "marcoge_mf_79": 1.9614895582199097, "marcoge_mf_80": 0.0, "marcoge_mf_81": 1.5142136812210083, "marcoge_mf_82": 0.0, "marcoge_mf_83": 1.4099195003509521, "marcoge_mf_84": 0.0, "marcoge_mf_85": 0.0, "marcoge_mf_86": 0.0, "marcoge_mf_87": 0.0, "marcoge_mf_88": 0.0, "marcoge_mf_89": 0.0, "marcoge_mf_90": 0.2555067539215088, "marcoge_mf_91": 1.241382122039795, "marcoge_mf_92": 0.0, "marcoge_mf_93": 0.0, "marcoge_mf_94": 2.1274049282073975, "marcoge_mf_95": 0.3047056794166565, "marcoge_mf_96": 0.0, "marcoge_mf_97": 0.0, "marcoge_mf_98": 0.0, "marcoge_mf_99": 0.0, "marcoge_mf_100": 0.0, "marcoge_mf_101": 0.0, "marcoge_mf_102": 0.0, "marcoge_mf_103": 0.0, "marcoge_mf_104": 1.557921290397644, "marcoge_mf_105": 2.6037402153015137, "marcoge_mf_106": 2.680788516998291, "marcoge_mf_107": 0.0, "marcoge_mf_108": 1.443577766418457, "marcoge_mf_109": 0.9643208384513855, "marcoge_mf_110": 1.7761707305908203, "marcoge_mf_111": 0.0, "marcoge_mf_112": 0.0, "marcoge_mf_113": 0.8938406109809875, "marcoge_mf_114": 0.45564812421798706, "marcoge_mf_115": 0.0, "marcoge_mf_116": 1.1731889247894287, "marcoge_mf_117": 1.1184567213058472, "marcoge_mf_118": 0.0, "marcoge_mf_119": 1.129827857017517, "marcoge_mf_120": 0.0, "marcoge_mf_121": 2.1345572471618652, "marcoge_mf_122": 0.0, "marcoge_mf_123": 1.1632839441299438, "marcoge_mf_124": 0.0, "marcoge_mf_125": 1.36990225315094, "marcoge_mf_126": 0.0, "marcoge_mf_127": 0.07466267049312592, "marcoge_mf_128": 1.2123745679855347, "marcoge_mf_129": 2.1535401344299316,