{"log2_no_instances": 8.39231742277876, "log2_no_attributes": 1.0, "log10_no_instances": 5.817111159963204, "log10_no_attributes": 0.6931471805599453, "instances_to_features": 168.0, "log_instances_to_features": 5.123963979403259, "features_to_instances": 168.0, "log_features_to_instances": 5.123963979403259, "Hopkin's statistic": 0.8793302669637605, "pct_of_discrete_attributes": 0.0, "mean_entropy_of_discrete_attributes": 0, "mean_absolute_correlation_of_continuous_attributes": 0.10548442962660697, "mean_concentration_of_discrete_attributes": NaN, "pca_95_components_to_features_ratio": 1.0, "pca_first_component_skewness": 0.0, "pca_first_component_kurtosis": -2.0, "pct_of_outliers": 0.011904761904761904, "pct_of_mv": 0.0, "min_skewness_of_continuous_attributes": 0.02203484057156591, "max_skewness_of_continuous_attributes": 0.09325476932458912, "mean_skewness_of_continuous_attributes": 0.05764480494807751, "std_skewness_of_continuous_attributes": 0.03560996437651161, "min_kurtosis_of_continuous_attributes": 0.02203484057156591, "max_kurtosis_of_continuous_attributes": 0.09325476932458912, "mean_kurtosis_of_continuous_attributes": 0.05764480494807751, "std_kurtosis_of_continuous_attributes": 0.03560996437651161, "t_squared_mv_normality": 0.5029761904761905, "t_squared_skewness": 1.653201486147253, "t_squared_outliers": 0.002976190476190476, "meanshift_silhouette": null, "meanshift_dunn": null, "meanshift_cindex": Infinity, "meanshift_calinski_harabasz": null, "meanshift_davies_bouldin": null, "meanshift_sdbw": null, "meanshift_cdbw": null, "meanshift_tau": null, "meanshift_ratkowsky_lance": 5.147007741939922e-16, "meanshift_mcclain_rao": null, "DBSCAN_silhouette": null, "DBSCAN_davies_bouldin": null, "DBSCAN_calinski_harabasz": null, "OPTICS_silhouette": -0.30686222019238424, "OPTICS_davies_bouldin": 2.257372963306425, "OPTICS_calinski_harabasz": 4.859551442442771, "ferrari_distance_based": {"Mean": 0.32184157950194364, "Variance": 0.027644925766698747, "Standard deviation": 0.16626763294970776, "Skewness": 0.5783715219204364, "Kurtosis": 0.07912523262925708, "% of values in [0, 0.1]": 0.07279673063255153, "% of values in [0.1, 0.2]": 0.18651385927505332, "% of values in [0.2, 0.3]": 0.23194740582800286, "% of values in [0.3, 0.4]": 0.21005685856432124, "% of values in [0.4, 0.5]": 0.14946695095948828, "% of values in [0.5, 0.6]": 0.08630063965884861, "% of values in [0.6, 0.7]": 0.04054726368159204, "% of values in [0.7, 0.8]": 0.01572494669509595, "% of values in [0.8, 0.9]": 0.0052238805970149255, "% of values in [0.9, 1]": 0.001279317697228145, "% of values with |Z-score| in [0,1)": 0.2959132906894101, "% of values with |Z-score| in [1,2)": 0.12567519545131486, "% of values with |Z-score| in [2,3)": 0.03216062544420754, "% of values with |Z-score| in [3, infinity)": 0.004886282871357498}, "correlation_based": {"Mean": NaN, "Variance": NaN, "Standard deviation": NaN, "Skewness": NaN, "Kurtosis": NaN, "% of values in [0, 0.1]": 0.49509594882729213, "% of values in [0.1, 0.2]": 0.0, "% of values in [0.2, 0.3]": 0.0, "% of values in [0.3, 0.4]": 0.0, "% of values in [0.4, 0.5]": 0.0, "% of values in [0.5, 0.6]": 0.0, "% of values in [0.6, 0.7]": 0.0, "% of values in [0.7, 0.8]": 0.0, "% of values in [0.8, 0.9]": 0.0, "% of values in [0.9, 1]": 0.49301705756929637, "% of values with |Z-score| in [0,1)": 0.0, "% of values with |Z-score| in [1,2)": 0.0, "% of values with |Z-score| in [2,3)": 0.0, "% of values with |Z-score| in [3, infinity)": 0.0}, "correlation_and_distance": {"Mean": NaN, "Variance": NaN, "Standard deviation": NaN, "Skewness": NaN, "Kurtosis": NaN, "% of values in [0, 0.1]": 0.26238450604122243, "% of values in [0.1, 0.2]": 0.21002132196162046, "% of values in [0.2, 0.3]": 0.0224591329068941, "% of values in [0.3, 0.4]": 0.00023098791755508174, "% of values in [0.4, 0.5]": 0.0, "% of values in [0.5, 0.6]": 0.0, "% of values in [0.6, 0.7]": 0.14070717839374555, "% of values in [0.7, 0.8]": 0.2933901918976546, "% of values in [0.8, 0.9]": 0.0570362473347548, "% of values in [0.9, 1]": 0.0018834399431414356, "% of values with |Z-score| in [0,1)": 0.0, "% of values with |Z-score| in [1,2)": 0.0, "% of values with |Z-score| in [2,3)": 0.0, "% of values with |Z-score| in [3, infinity)": 0.0}, "marcoge": {"marcoge_mf_1": 2.283817768096924, "marcoge_mf_2": 0.0, "marcoge_mf_3": 0.0, "marcoge_mf_4": 1.307432770729065, "marcoge_mf_5": 0.0, "marcoge_mf_6": 0.0, "marcoge_mf_7": 0.0, "marcoge_mf_8": 0.0, "marcoge_mf_9": 0.0, "marcoge_mf_10": 0.0, "marcoge_mf_11": 0.0, "marcoge_mf_12": 0.0, "marcoge_mf_13": 0.0, "marcoge_mf_14": 2.602550745010376, "marcoge_mf_15": 0.022223137319087982, "marcoge_mf_16": 1.8494491577148438, "marcoge_mf_17": 0.0, "marcoge_mf_18": 0.0, "marcoge_mf_19": 2.7088608741760254, "marcoge_mf_20": 1.119920015335083, "marcoge_mf_21": 0.0, "marcoge_mf_22": 0.0, "marcoge_mf_23": 0.0, "marcoge_mf_24": 2.2180936336517334, "marcoge_mf_25": 0.0, "marcoge_mf_26": 0.28183799982070923, "marcoge_mf_27": 0.0, "marcoge_mf_28": 0.0, "marcoge_mf_29": 2.1010684967041016, "marcoge_mf_30": 0.05189388617873192, "marcoge_mf_31": 0.0, "marcoge_mf_32": 0.0, "marcoge_mf_33": 0.0, "marcoge_mf_34": 1.1025609970092773, "marcoge_mf_35": 0.0, "marcoge_mf_36": 0.0, "marcoge_mf_37": 0.0, "marcoge_mf_38": 1.8953056335449219, "marcoge_mf_39": 0.0, "marcoge_mf_40": 0.702189028263092, "marcoge_mf_41": 0.0, "marcoge_mf_42": 0.0, "marcoge_mf_43": 0.0, "marcoge_mf_44": 0.0, "marcoge_mf_45": 0.0, "marcoge_mf_46": 0.0, "marcoge_mf_47": 0.0, "marcoge_mf_48": 0.0, "marcoge_mf_49": 2.1946940422058105, "marcoge_mf_50": 0.0, "marcoge_mf_51": 0.0, "marcoge_mf_52": 0.0, "marcoge_mf_53": 0.0, "marcoge_mf_54": 0.0, "marcoge_mf_55": 0.0, "marcoge_mf_56": 1.4482961893081665, "marcoge_mf_57": 0.0, "marcoge_mf_58": 0.0, "marcoge_mf_59": 0.0, "marcoge_mf_60": 0.0, "marcoge_mf_61": 0.0, "marcoge_mf_62": 0.0, "marcoge_mf_63": 1.3520368337631226, "marcoge_mf_64": 0.0, "marcoge_mf_65": 0.0, "marcoge_mf_66": 0.7545462846755981, "marcoge_mf_67": 0.0, "marcoge_mf_68": 2.0422167778015137, "marcoge_mf_69": 1.045302391052246, "marcoge_mf_70": 0.0, "marcoge_mf_71": 0.9299214482307434, "marcoge_mf_72": 2.4124603271484375, "marcoge_mf_73": 0.0, "marcoge_mf_74": 0.0, "marcoge_mf_75": 0.0, "marcoge_mf_76": 0.0, "marcoge_mf_77": 0.0, "marcoge_mf_78": 1.186977505683899, "marcoge_mf_79": 1.9541833400726318, "marcoge_mf_80": 0.0, "marcoge_mf_81": 1.504652500152588, "marcoge_mf_82": 0.0, "marcoge_mf_83": 1.4047114849090576, "marcoge_mf_84": 0.0, "marcoge_mf_85": 0.0, "marcoge_mf_86": 0.0, "marcoge_mf_87": 0.0, "marcoge_mf_88": 0.0, "marcoge_mf_89": 0.0, "marcoge_mf_90": 0.24978844821453094, "marcoge_mf_91": 1.230891227722168, "marcoge_mf_92": 0.0, "marcoge_mf_93": 0.0, "marcoge_mf_94": 2.117123603820801, "marcoge_mf_95": 0.3033553659915924, "marcoge_mf_96": 0.0, "marcoge_mf_97": 0.0, "marcoge_mf_98": 0.0, "marcoge_mf_99": 0.0, "marcoge_mf_100": 0.0, "marcoge_mf_101": 0.0, "marcoge_mf_102": 0.0, "marcoge_mf_103": 0.0, "marcoge_mf_104": 1.5468556880950928, "marcoge_mf_105": 2.5820930004119873, "marcoge_mf_106": 2.6647889614105225, "marcoge_mf_107": 0.0, "marcoge_mf_108": 1.4276612997055054, "marcoge_mf_109": 0.9685478210449219, "marcoge_mf_110": 1.7648218870162964, "marcoge_mf_111": 0.0, "marcoge_mf_112": 0.0, "marcoge_mf_113": 0.891542911529541, "marcoge_mf_114": 0.4461939334869385, "marcoge_mf_115": 0.0, "marcoge_mf_116": 1.1694529056549072, "marcoge_mf_117": 1.1090282201766968, "marcoge_mf_118": 0.0, "marcoge_mf_119": 1.1129873991012573, "marcoge_mf_120": 0.0, "marcoge_mf_121": 2.1172773838043213, "marcoge_mf_122": 0.0, "marcoge_mf_123": 1.1565955877304077, "marcoge_mf_124": 0.0, "marcoge_mf_125": 1.3647327423095703, "marcoge_mf_126": 0.0, "marcoge_mf_127": 0.07155531644821167, "marcoge_mf_128": 1.2020556926727295, "marcoge_mf_129": 2.138425827026367, "marcoge_mf_130": 1.666297197341919, "marcoge_mf_131": 0.0, "marcoge_mf_132": 0.0, "marcoge_mf_133": 0.0, "marcoge_mf_134": 0.573961079120636,