{"log2_no_instances": 8.20945336562895, "log2_no_attributes": 1.0, "log10_no_instances": 5.69035945432406, "log10_no_attributes": 0.6931471805599453, "instances_to_features": 148.0, "log_instances_to_features": 4.997212273764115, "features_to_instances": 148.0, "log_features_to_instances": 4.997212273764115, "Hopkin's statistic": 0.7396355186691709, "pct_of_discrete_attributes": 0.0, "mean_entropy_of_discrete_attributes": 0, "mean_absolute_correlation_of_continuous_attributes": 0.08433241230757327, "mean_concentration_of_discrete_attributes": NaN, "pca_95_components_to_features_ratio": 1.0, "pca_first_component_skewness": 0.0, "pca_first_component_kurtosis": -2.0, "pct_of_outliers": 0.0033783783783783786, "pct_of_mv": 0.0, "min_skewness_of_continuous_attributes": 0.02203484057156591, "max_skewness_of_continuous_attributes": 0.09325476932458912, "mean_skewness_of_continuous_attributes": 0.05764480494807751, "std_skewness_of_continuous_attributes": 0.03560996437651161, "min_kurtosis_of_continuous_attributes": 0.02203484057156591, "max_kurtosis_of_continuous_attributes": 0.09325476932458912, "mean_kurtosis_of_continuous_attributes": 0.05764480494807751, "std_kurtosis_of_continuous_attributes": 0.03560996437651161, "t_squared_mv_normality": 0.47297297297297297, "t_squared_skewness": 1.5378233095569256, "t_squared_outliers": 0.0033783783783783786, "meanshift_silhouette": null, "meanshift_dunn": null, "meanshift_cindex": -Infinity, "meanshift_calinski_harabasz": null, "meanshift_davies_bouldin": null, "meanshift_sdbw": null, "meanshift_cdbw": null, "meanshift_tau": null, "meanshift_ratkowsky_lance": 1.8802515073624265e-15, "meanshift_mcclain_rao": null, "DBSCAN_silhouette": null, "DBSCAN_davies_bouldin": null, "DBSCAN_calinski_harabasz": null, "OPTICS_silhouette": -0.20464760362076598, "OPTICS_davies_bouldin": 2.324426946523341, "OPTICS_calinski_harabasz": 6.634690172622454, "ferrari_distance_based": {"Mean": 0.3351018789410683, "Variance": 0.028622738166144985, "Standard deviation": 0.1691825586936933, "Skewness": 0.5102643713949261, "Kurtosis": -0.0809705445015445, "% of values in [0, 0.1]": 0.06459001374255612, "% of values in [0.1, 0.2]": 0.17244617498854786, "% of values in [0.2, 0.3]": 0.22043060009161705, "% of values in [0.3, 0.4]": 0.21401740723774623, "% of values in [0.4, 0.5]": 0.1564131928538708, "% of values in [0.5, 0.6]": 0.09745762711864407, "% of values in [0.6, 0.7]": 0.04805313788364636, "% of values in [0.7, 0.8]": 0.019514429683921208, "% of values in [0.8, 0.9]": 0.005748969308291343, "% of values in [0.9, 1]": 0.0011223087494273934, "% of values with |Z-score| in [0,1)": 0.2978240952817224, "% of values with |Z-score| in [1,2)": 0.13078332569857995, "% of values with |Z-score| in [2,3)": 0.032272102611085665, "% of values with |Z-score| in [3, infinity)": 0.003527256069628951}, "correlation_based": {"Mean": -0.0022446174988547864, "Variance": 0.9999949616922834, "Standard deviation": 0.9999974808429686, "Skewness": 0.004489246306825767, "Kurtosis": -1.9999798466675964, "% of values in [0, 0.1]": 0.5011223087494274, "% of values in [0.1, 0.2]": 0.0, "% of values in [0.2, 0.3]": 0.0, "% of values in [0.3, 0.4]": 0.0, "% of values in [0.4, 0.5]": 0.0, "% of values in [0.5, 0.6]": 0.0, "% of values in [0.6, 0.7]": 0.0, "% of values in [0.7, 0.8]": 0.0, "% of values in [0.8, 0.9]": 0.0, "% of values in [0.9, 1]": 0.49887769125057263, "% of values with |Z-score| in [0,1)": 0.0, "% of values with |Z-score| in [1,2)": 0.49887769125057263, "% of values with |Z-score| in [2,3)": 0.0, "% of values with |Z-score| in [3, infinity)": 0.0}, "correlation_and_distance": {"Mean": 0.4355629222927706, "Variance": 0.11002518089954033, "Standard deviation": 0.3317004384976606, "Skewness": 0.005681774399829287, "Kurtosis": -1.8906261020749777, "% of values in [0, 0.1]": 0.2374713696747595, "% of values in [0.1, 0.2]": 0.22954649564819057, "% of values in [0.2, 0.3]": 0.0336921667430142, "% of values in [0.3, 0.4]": 0.00041227668346312414, "% of values in [0.4, 0.5]": 0.0, "% of values in [0.5, 0.6]": 0.0, "% of values in [0.6, 0.7]": 0.06097114063215758, "% of values in [0.7, 0.8]": 0.3153000458085204, "% of values in [0.8, 0.9]": 0.11651397159871736, "% of values in [0.9, 1]": 0.006092533211177279, "% of values with |Z-score| in [0,1)": 0.2789051763628035, "% of values with |Z-score| in [1,2)": 0.21997251488776912, "% of values with |Z-score| in [2,3)": 0.0, "% of values with |Z-score| in [3, infinity)": 0.0}, "marcoge": {"marcoge_mf_1": 2.3095250129699707, "marcoge_mf_2": 0.0, "marcoge_mf_3": 0.0, "marcoge_mf_4": 1.327314853668213, "marcoge_mf_5": 0.0, "marcoge_mf_6": 0.0, "marcoge_mf_7": 0.0, "marcoge_mf_8": 0.0, "marcoge_mf_9": 0.0, "marcoge_mf_10": 0.0, "marcoge_mf_11": 0.0, "marcoge_mf_12": 0.0, "marcoge_mf_13": 0.0, "marcoge_mf_14": 2.631552219390869, "marcoge_mf_15": 0.027037709951400757, "marcoge_mf_16": 1.8666231632232666, "marcoge_mf_17": 0.0, "marcoge_mf_18": 0.0, "marcoge_mf_19": 2.7426226139068604, "marcoge_mf_20": 1.1284174919128418, "marcoge_mf_21": 0.0, "marcoge_mf_22": 0.0, "marcoge_mf_23": 0.0, "marcoge_mf_24": 2.239504337310791, "marcoge_mf_25": 0.0, "marcoge_mf_26": 0.2830570638179779, "marcoge_mf_27": 0.0, "marcoge_mf_28": 0.0, "marcoge_mf_29": 2.1359102725982666, "marcoge_mf_30": 0.050959184765815735, "marcoge_mf_31": 0.0, "marcoge_mf_32": 0.0, "marcoge_mf_33": 0.0, "marcoge_mf_34": 1.1165658235549927, "marcoge_mf_35": 0.0, "marcoge_mf_36": 0.0, "marcoge_mf_37": 0.0, "marcoge_mf_38": 1.9167239665985107, "marcoge_mf_39": 0.0, "marcoge_mf_40": 0.7154719829559326, "marcoge_mf_41": 0.0, "marcoge_mf_42": 0.0, "marcoge_mf_43": 0.0, "marcoge_mf_44": 0.0, "marcoge_mf_45": 0.0, "marcoge_mf_46": 0.0, "marcoge_mf_47": 0.0, "marcoge_mf_48": 0.0, "marcoge_mf_49": 2.2276196479797363, "marcoge_mf_50": 0.0, "marcoge_mf_51": 0.0, "marcoge_mf_52": 0.0, "marcoge_mf_53": 0.0, "marcoge_mf_54": 0.0, "marcoge_mf_55": 0.0, "marcoge_mf_56": 1.461356520652771, "marcoge_mf_57": 0.0, "marcoge_mf_58": 0.0, "marcoge_mf_59": 0.0, "marcoge_mf_60": 0.0, "marcoge_mf_61": 0.0, "marcoge_mf_62": 0.0, "marcoge_mf_63": 1.3645802736282349, "marcoge_mf_64": 0.0, "marcoge_mf_65": 0.0, "marcoge_mf_66": 0.7660802602767944, "marcoge_mf_67": 0.0, "marcoge_mf_68": 2.067321538925171, "marcoge_mf_69": 1.0585217475891113, "marcoge_mf_70": 0.0, "marcoge_mf_71": 0.940412163734436, "marcoge_mf_72": 2.4410247802734375, "marcoge_mf_73": 0.0, "marcoge_mf_74": 0.0, "marcoge_mf_75": 0.0, "marcoge_mf_76": 0.0, "marcoge_mf_77": 0.0, "marcoge_mf_78": 1.1931320428848267, "marcoge_mf_79": 1.9768567085266113, "marcoge_mf_80": 0.0, "marcoge_mf_81": 1.5228462219238281, "marcoge_mf_82": 0.0, "marcoge_mf_83": 1.4223988056182861, "marcoge_mf_84": 0.0, "marcoge_mf_85": 0.0, "marcoge_mf_86": 0.0, "marcoge_mf_87": 0.0, "marcoge_mf_88": 0.0, "marcoge_mf_89": 0.0, "marcoge_mf_90": 0.25740137696266174, "marcoge_mf_91": 1.2469595670700073, "marcoge_mf_92": 0.0, "marcoge_mf_93": 0.0, "marcoge_mf_94": 2.1385979652404785, "marcoge_mf_95": 0.30841392278671265, "marcoge_mf_96": 0.0, "marcoge_mf_97": 0.0, "marcoge_mf_98": 0.0, "marcoge_mf_99": 0.0, "marcoge_mf_100": 0.0, "marcoge_mf_101": 0.0, "marcoge_mf_102": 0.0, "marcoge_mf_103": 0.0, "marcoge_mf_104": 1.5659315586090088, "marcoge_mf_105": 2.6180508136749268, "marcoge_mf_106": 2.691648006439209, "marcoge_mf_107": 0.0, "marcoge_mf_108": 1.4462089538574219, "marcoge_mf_109": 0.9690746665000916, "marcoge_mf_110": 1.7809855937957764, "marcoge_mf_111": 0.0, "marcoge_mf_112": 0.0, "marcoge_mf_113": 0.8963155746459961, "marcoge_mf_114": 0.44905874133110046, "marcoge_mf_115": 0.0, "marcoge_mf_116": 1.1855454444885254, "marcoge_mf_117": 1.1194347143173218, "marcoge_mf_118": 0.0, "marcoge_mf_119": 1.1372607946395874, "marcoge_mf_120": 0.0, "marcoge_mf_121": 2.141449451446533, "marcoge_mf_122": 0.0, "marcoge_mf_123": 1.1694023609161377, "marcoge_mf_124": 0.0, "marcoge_mf_125": 1.3804445266723633, "marcoge_mf_126": 0.0, "marcoge_mf_127": 0.0699693039059639,