{"log2_no_instances": 7.044394119358453, "log2_no_attributes": 1.0, "log10_no_instances": 4.882801922586371, "log10_no_attributes": 0.6931471805599453, "instances_to_features": 66.0, "log_instances_to_features": 4.189654742026425, "features_to_instances": 66.0, "log_features_to_instances": 4.189654742026425, "Hopkin's statistic": 0.612670329082024, "pct_of_discrete_attributes": 0.0, "mean_entropy_of_discrete_attributes": 0, "mean_absolute_correlation_of_continuous_attributes": 0.11887165172539961, "mean_concentration_of_discrete_attributes": NaN, "pca_95_components_to_features_ratio": 1.0, "pca_first_component_skewness": 0.0, "pca_first_component_kurtosis": -2.0, "pct_of_outliers": 0.022727272727272728, "pct_of_mv": 0.0, "min_skewness_of_continuous_attributes": 0.02203484057156591, "max_skewness_of_continuous_attributes": 0.09325476932458912, "mean_skewness_of_continuous_attributes": 0.05764480494807751, "std_skewness_of_continuous_attributes": 0.03560996437651161, "min_kurtosis_of_continuous_attributes": 0.02203484057156591, "max_kurtosis_of_continuous_attributes": 0.09325476932458912, "mean_kurtosis_of_continuous_attributes": 0.05764480494807751, "std_kurtosis_of_continuous_attributes": 0.03560996437651161, "t_squared_mv_normality": 0.49242424242424243, "t_squared_skewness": 2.538906563244681, "t_squared_outliers": 0.007575757575757576, "meanshift_silhouette": 0.3297783521541473, "meanshift_dunn": 0.09544003237429126, "meanshift_cindex": 0.33598992002789024, "meanshift_calinski_harabasz": 11.529040800498013, "meanshift_davies_bouldin": 0.9456106972076169, "meanshift_sdbw": 1.3346652744946779, "meanshift_cdbw": null, "meanshift_tau": -1.3207941463271262e-05, "meanshift_ratkowsky_lance": 0.20970326202892842, "meanshift_mcclain_rao": 0.6313076380871165, "DBSCAN_silhouette": null, "DBSCAN_davies_bouldin": null, "DBSCAN_calinski_harabasz": null, "OPTICS_silhouette": -0.10886262375184201, "OPTICS_davies_bouldin": 4.915222535602552, "OPTICS_calinski_harabasz": 3.8896792774315156, "ferrari_distance_based": {"Mean": 0.3066879012540226, "Variance": 0.025959637746233513, "Standard deviation": 0.1611199483187402, "Skewness": 0.6776664453572404, "Kurtosis": 0.42132058832156805, "% of values in [0, 0.1]": 0.07726116123062687, "% of values in [0.1, 0.2]": 0.21015498496414528, "% of values in [0.2, 0.3]": 0.24219292158223457, "% of values in [0.3, 0.4]": 0.2077261161230627, "% of values in [0.4, 0.5]": 0.1397177885727504, "% of values in [0.5, 0.6]": 0.07506361323155217, "% of values in [0.6, 0.7]": 0.029262086513994912, "% of values in [0.7, 0.8]": 0.012491325468424705, "% of values in [0.8, 0.9]": 0.004048114735137636, "% of values in [0.9, 1]": 0.0018505667360629193, "% of values with |Z-score| in [0,1)": 0.2922738838769373, "% of values with |Z-score| in [1,2)": 0.1229470275271802, "% of values with |Z-score| in [2,3)": 0.0306500115660421, "% of values with |Z-score| in [3, infinity)": 0.006823964839232015}, "correlation_based": {"Mean": NaN, "Variance": NaN, "Standard deviation": NaN, "Skewness": NaN, "Kurtosis": NaN, "% of values in [0, 0.1]": 0.4857737682165163, "% of values in [0.1, 0.2]": 0.0, "% of values in [0.2, 0.3]": 0.0, "% of values in [0.3, 0.4]": 0.0, "% of values in [0.4, 0.5]": 0.0, "% of values in [0.5, 0.6]": 0.0, "% of values in [0.6, 0.7]": 0.0, "% of values in [0.7, 0.8]": 0.0, "% of values in [0.8, 0.9]": 0.0, "% of values in [0.9, 1]": 0.48403886190145734, "% of values with |Z-score| in [0,1)": 0.0, "% of values with |Z-score| in [1,2)": 0.0, "% of values with |Z-score| in [2,3)": 0.0, "% of values with |Z-score| in [3, infinity)": 0.0}, "correlation_and_distance": {"Mean": NaN, "Variance": NaN, "Standard deviation": NaN, "Skewness": NaN, "Kurtosis": NaN, "% of values in [0, 0.1]": 0.25792273883876937, "% of values in [0.1, 0.2]": 0.2042563034929447, "% of values in [0.2, 0.3]": 0.02220680083275503, "% of values in [0.3, 0.4]": 0.0013879250520471894, "% of values in [0.4, 0.5]": 0.0, "% of values in [0.5, 0.6]": 0.0, "% of values in [0.6, 0.7]": 0.038052278510293774, "% of values in [0.7, 0.8]": 0.3231552162849873, "% of values in [0.8, 0.9]": 0.11357853342586167, "% of values in [0.9, 1]": 0.009252833680314597, "% of values with |Z-score| in [0,1)": 0.0, "% of values with |Z-score| in [1,2)": 0.0, "% of values with |Z-score| in [2,3)": 0.0, "% of values with |Z-score| in [3, infinity)": 0.0}, "marcoge": {"marcoge_mf_1": 2.277794361114502, "marcoge_mf_2": 0.0, "marcoge_mf_3": 0.0, "marcoge_mf_4": 1.3109209537506104, "marcoge_mf_5": 0.0, "marcoge_mf_6": 0.0, "marcoge_mf_7": 0.0, "marcoge_mf_8": 0.0, "marcoge_mf_9": 0.0, "marcoge_mf_10": 0.0, "marcoge_mf_11": 0.0, "marcoge_mf_12": 0.0, "marcoge_mf_13": 0.0, "marcoge_mf_14": 2.6113102436065674, "marcoge_mf_15": 0.025014661252498627, "marcoge_mf_16": 1.8476085662841797, "marcoge_mf_17": 0.0, "marcoge_mf_18": 0.0, "marcoge_mf_19": 2.711676836013794, "marcoge_mf_20": 1.1108721494674683, "marcoge_mf_21": 0.0, "marcoge_mf_22": 0.0, "marcoge_mf_23": 0.0, "marcoge_mf_24": 2.213745355606079, "marcoge_mf_25": 0.0, "marcoge_mf_26": 0.28046098351478577, "marcoge_mf_27": 0.0, "marcoge_mf_28": 0.0, "marcoge_mf_29": 2.1034629344940186, "marcoge_mf_30": 0.040960971266031265, "marcoge_mf_31": 0.0, "marcoge_mf_32": 0.0, "marcoge_mf_33": 0.0, "marcoge_mf_34": 1.1057368516921997, "marcoge_mf_35": 0.0, "marcoge_mf_36": 0.0, "marcoge_mf_37": 0.0, "marcoge_mf_38": 1.8991864919662476, "marcoge_mf_39": 0.0, "marcoge_mf_40": 0.7048923969268799, "marcoge_mf_41": 0.0, "marcoge_mf_42": 0.0, "marcoge_mf_43": 0.0, "marcoge_mf_44": 0.0, "marcoge_mf_45": 0.0, "marcoge_mf_46": 0.0, "marcoge_mf_47": 0.0, "marcoge_mf_48": 0.0, "marcoge_mf_49": 2.2013421058654785, "marcoge_mf_50": 0.0, "marcoge_mf_51": 0.0, "marcoge_mf_52": 0.0, "marcoge_mf_53": 0.0, "marcoge_mf_54": 0.0, "marcoge_mf_55": 0.0, "marcoge_mf_56": 1.448573112487793, "marcoge_mf_57": 0.0, "marcoge_mf_58": 0.0, "marcoge_mf_59": 0.0, "marcoge_mf_60": 0.0, "marcoge_mf_61": 0.0, "marcoge_mf_62": 0.0, "marcoge_mf_63": 1.3549280166625977, "marcoge_mf_64": 0.0, "marcoge_mf_65": 0.0, "marcoge_mf_66": 0.753788411617279, "marcoge_mf_67": 0.0, "marcoge_mf_68": 2.0445556640625, "marcoge_mf_69": 1.0509331226348877, "marcoge_mf_70": 0.0, "marcoge_mf_71": 0.92783123254776, "marcoge_mf_72": 2.4138529300689697, "marcoge_mf_73": 0.0, "marcoge_mf_74": 0.0, "marcoge_mf_75": 0.0, "marcoge_mf_76": 0.0, "marcoge_mf_77": 0.0, "marcoge_mf_78": 1.1853306293487549, "marcoge_mf_79": 1.9496850967407227, "marcoge_mf_80": 0.0, "marcoge_mf_81": 1.5055309534072876, "marcoge_mf_82": 0.0, "marcoge_mf_83": 1.4088470935821533, "marcoge_mf_84": 0.0, "marcoge_mf_85": 0.0, "marcoge_mf_86": 0.0, "marcoge_mf_87": 0.0, "marcoge_mf_88": 0.0, "marcoge_mf_89": 0.0, "marcoge_mf_90": 0.2571679353713989, "marcoge_mf_91": 1.2277649641036987, "marcoge_mf_92": 0.0, "marcoge_mf_93": 0.0, "marcoge_mf_94": 2.1138179302215576, "marcoge_mf_95": 0.3075205981731415, "marcoge_mf_96": 0.0, "marcoge_mf_97": 0.0, "marcoge_mf_98": 0.0, "marcoge_mf_99": 0.0, "marcoge_mf_100": 0.0, "marcoge_mf_101": 0.0, "marcoge_mf_102": 0.0, "marcoge_mf_103": 0.0, "marcoge_mf_104": 1.5429431200027466, "marcoge_mf_105": 2.584481954574585, "marcoge_mf_106": 2.6620447635650635, "marcoge_mf_107": 0.0, "marcoge_mf_108": 1.429179072380066, "marcoge_mf_109": 0.9668853282928467, "marcoge_mf_110": 1.764007329940796, "marcoge_mf_111": 0.0, "marcoge_mf_112": 0.0, "marcoge_mf_113": 0.8883469700813293, "marcoge_mf_114": 0.44236934185028076, "marcoge_mf_115": 0.0, "marcoge_mf_116": 1.1676603555679321, "marcoge_mf_117": 1.104333758354187, "marcoge_mf_118": 0.0, "marcoge_mf_119": 1.1193037033081055, "marcoge_mf_120": 0.0, "marcoge_mf_121": 2.113664150238037, "marcoge_mf_122": 0.0, "marcoge_mf_123": 1.1597731113433838, "marcoge_mf_124": 0.0, "marcoge_mf_125": 1.3611470460891724, "marcoge_mf_126": 0.0, "marcoge_mf_127": 0.0630805641412735, "marcoge_mf_128": 1.205345630645752, "marcoge_mf_129": 2.1379201412200928, "marcoge_mf_130": 1.6641132831573486,