{"log2_no_instances": 7.7073591320808825, "log2_no_attributes": 1.0, "log10_no_instances": 5.342334251964811, "log10_no_attributes": 0.6931471805599453, "instances_to_features": 104.5, "log_instances_to_features": 4.6491870714048655, "features_to_instances": 104.5, "log_features_to_instances": 4.6491870714048655, "Hopkin's statistic": 0.7208158128748909, "pct_of_discrete_attributes": 0.0, "mean_entropy_of_discrete_attributes": 0, "mean_absolute_correlation_of_continuous_attributes": 0.1640141688292592, "mean_concentration_of_discrete_attributes": NaN, "pca_95_components_to_features_ratio": 1.0, "pca_first_component_skewness": 0.0, "pca_first_component_kurtosis": -2.0, "pct_of_outliers": 0.009569377990430622, "pct_of_mv": 0.0, "min_skewness_of_continuous_attributes": 0.02203484057156591, "max_skewness_of_continuous_attributes": 0.09325476932458912, "mean_skewness_of_continuous_attributes": 0.05764480494807751, "std_skewness_of_continuous_attributes": 0.03560996437651161, "min_kurtosis_of_continuous_attributes": 0.02203484057156591, "max_kurtosis_of_continuous_attributes": 0.09325476932458912, "mean_kurtosis_of_continuous_attributes": 0.05764480494807751, "std_kurtosis_of_continuous_attributes": 0.03560996437651161, "t_squared_mv_normality": 0.4880382775119617, "t_squared_skewness": 1.59953548892118, "t_squared_outliers": 0.004784688995215311, "meanshift_silhouette": null, "meanshift_dunn": null, "meanshift_cindex": Infinity, "meanshift_calinski_harabasz": null, "meanshift_davies_bouldin": null, "meanshift_sdbw": null, "meanshift_cdbw": null, "meanshift_tau": null, "meanshift_ratkowsky_lance": 1.0774034824896049e-15, "meanshift_mcclain_rao": null, "DBSCAN_silhouette": null, "DBSCAN_davies_bouldin": null, "DBSCAN_calinski_harabasz": null, "OPTICS_silhouette": -0.07143622709573222, "OPTICS_davies_bouldin": 2.496693938656202, "OPTICS_calinski_harabasz": 6.726318492080343, "ferrari_distance_based": {"Mean": 0.33454323960500637, "Variance": 0.029907566733276027, "Standard deviation": 0.17293804304801194, "Skewness": 0.5678291479979476, "Kurtosis": 0.022354525538898162, "% of values in [0, 0.1]": 0.06749171880750827, "% of values in [0.1, 0.2]": 0.1750092013249908, "% of values in [0.2, 0.3]": 0.2235461906514538, "% of values in [0.3, 0.4]": 0.20712182554287817, "% of values in [0.4, 0.5]": 0.15113176297386824, "% of values in [0.5, 0.6]": 0.09693595877806405, "% of values in [0.6, 0.7]": 0.04757085020242915, "% of values in [0.7, 0.8]": 0.022129186602870814, "% of values in [0.8, 0.9]": 0.006670960618329039, "% of values in [0.9, 1]": 0.0021163047478836954, "% of values with |Z-score| in [0,1)": 0.29071586308428415, "% of values with |Z-score| in [1,2)": 0.12960066249539934, "% of values with |Z-score| in [2,3)": 0.03340080971659919, "% of values with |Z-score| in [3, infinity)": 0.004048582995951417}, "correlation_based": {"Mean": NaN, "Variance": NaN, "Standard deviation": NaN, "Skewness": NaN, "Kurtosis": NaN, "% of values in [0, 0.1]": 0.4925469267574531, "% of values in [0.1, 0.2]": 0.0, "% of values in [0.2, 0.3]": 0.0, "% of values in [0.3, 0.4]": 0.0, "% of values in [0.4, 0.5]": 0.0, "% of values in [0.5, 0.6]": 0.0, "% of values in [0.6, 0.7]": 0.0, "% of values in [0.7, 0.8]": 0.0, "% of values in [0.8, 0.9]": 0.0, "% of values in [0.9, 1]": 0.4883603238866397, "% of values with |Z-score| in [0,1)": 0.0, "% of values with |Z-score| in [1,2)": 0.0, "% of values with |Z-score| in [2,3)": 0.0, "% of values with |Z-score| in [3, infinity)": 0.0}, "correlation_and_distance": {"Mean": NaN, "Variance": NaN, "Standard deviation": NaN, "Skewness": NaN, "Kurtosis": NaN, "% of values in [0, 0.1]": 0.24194884063305117, "% of values in [0.1, 0.2]": 0.21788737578211262, "% of values in [0.2, 0.3]": 0.03179057784320942, "% of values in [0.3, 0.4]": 0.0009201324990798675, "% of values in [0.4, 0.5]": 0.0, "% of values in [0.5, 0.6]": 0.0, "% of values in [0.6, 0.7]": 0.0679977916820022, "% of values in [0.7, 0.8]": 0.305668016194332, "% of values in [0.8, 0.9]": 0.1077015090172985, "% of values in [0.9, 1]": 0.006993006993006993, "% of values with |Z-score| in [0,1)": 0.0, "% of values with |Z-score| in [1,2)": 0.0, "% of values with |Z-score| in [2,3)": 0.0, "% of values with |Z-score| in [3, infinity)": 0.0}, "marcoge": {"marcoge_mf_1": 2.3354876041412354, "marcoge_mf_2": 0.0, "marcoge_mf_3": 0.0, "marcoge_mf_4": 1.339194416999817, "marcoge_mf_5": 0.0, "marcoge_mf_6": 0.0, "marcoge_mf_7": 0.0, "marcoge_mf_8": 0.0, "marcoge_mf_9": 0.0, "marcoge_mf_10": 0.0, "marcoge_mf_11": 0.0, "marcoge_mf_12": 0.0, "marcoge_mf_13": 0.0, "marcoge_mf_14": 2.6729671955108643, "marcoge_mf_15": 0.020592456683516502, "marcoge_mf_16": 1.890912652015686, "marcoge_mf_17": 0.0, "marcoge_mf_18": 0.0, "marcoge_mf_19": 2.779968738555908, "marcoge_mf_20": 1.1441011428833008, "marcoge_mf_21": 0.0, "marcoge_mf_22": 0.0, "marcoge_mf_23": 0.0, "marcoge_mf_24": 2.27280855178833, "marcoge_mf_25": 0.0, "marcoge_mf_26": 0.28876468539237976, "marcoge_mf_27": 0.0, "marcoge_mf_28": 0.0, "marcoge_mf_29": 2.147629976272583, "marcoge_mf_30": 0.047411464154720306, "marcoge_mf_31": 0.0, "marcoge_mf_32": 0.0, "marcoge_mf_33": 0.0, "marcoge_mf_34": 1.1346195936203003, "marcoge_mf_35": 0.0, "marcoge_mf_36": 0.0, "marcoge_mf_37": 0.0, "marcoge_mf_38": 1.9438320398330688, "marcoge_mf_39": 0.0, "marcoge_mf_40": 0.7182348370552063, "marcoge_mf_41": 0.0, "marcoge_mf_42": 0.0, "marcoge_mf_43": 0.0, "marcoge_mf_44": 0.0, "marcoge_mf_45": 0.0, "marcoge_mf_46": 0.0, "marcoge_mf_47": 0.0, "marcoge_mf_48": 0.0, "marcoge_mf_49": 2.2542452812194824, "marcoge_mf_50": 0.0, "marcoge_mf_51": 0.0, "marcoge_mf_52": 0.0, "marcoge_mf_53": 0.0, "marcoge_mf_54": 0.0, "marcoge_mf_55": 0.0, "marcoge_mf_56": 1.4916173219680786, "marcoge_mf_57": 0.0, "marcoge_mf_58": 0.0, "marcoge_mf_59": 0.0, "marcoge_mf_60": 0.0, "marcoge_mf_61": 0.0, "marcoge_mf_62": 0.0, "marcoge_mf_63": 1.3899190425872803, "marcoge_mf_64": 0.0, "marcoge_mf_65": 0.0, "marcoge_mf_66": 0.7668378353118896, "marcoge_mf_67": 0.0, "marcoge_mf_68": 2.0903172492980957, "marcoge_mf_69": 1.0743662118911743, "marcoge_mf_70": 0.0, "marcoge_mf_71": 0.9518190026283264, "marcoge_mf_72": 2.4722774028778076, "marcoge_mf_73": 0.0, "marcoge_mf_74": 0.0, "marcoge_mf_75": 0.0, "marcoge_mf_76": 0.0, "marcoge_mf_77": 0.0, "marcoge_mf_78": 1.2187319993972778, "marcoge_mf_79": 1.9986708164215088, "marcoge_mf_80": 0.0, "marcoge_mf_81": 1.5437705516815186, "marcoge_mf_82": 0.0, "marcoge_mf_83": 1.4419970512390137, "marcoge_mf_84": 0.0, "marcoge_mf_85": 0.0, "marcoge_mf_86": 0.0, "marcoge_mf_87": 0.0, "marcoge_mf_88": 0.0, "marcoge_mf_89": 0.0, "marcoge_mf_90": 0.25882959365844727, "marcoge_mf_91": 1.2550127506256104, "marcoge_mf_92": 0.0, "marcoge_mf_93": 0.0, "marcoge_mf_94": 2.1631882190704346, "marcoge_mf_95": 0.31658223271369934, "marcoge_mf_96": 0.0, "marcoge_mf_97": 0.0, "marcoge_mf_98": 0.0, "marcoge_mf_99": 0.0, "marcoge_mf_100": 0.0, "marcoge_mf_101": 0.0, "marcoge_mf_102": 0.0, "marcoge_mf_103": 0.0, "marcoge_mf_104": 1.5837316513061523, "marcoge_mf_105": 2.6465647220611572, "marcoge_mf_106": 2.7305960655212402, "marcoge_mf_107": 0.0, "marcoge_mf_108": 1.4609509706497192, "marcoge_mf_109": 0.985615074634552, "marcoge_mf_110": 1.8095890283584595, "marcoge_mf_111": 0.0, "marcoge_mf_112": 0.0, "marcoge_mf_113": 0.9109638929367065, "marcoge_mf_114": 0.4610840678215027, "marcoge_mf_115": 0.0, "marcoge_mf_116": 1.1929410696029663, "marcoge_mf_117": 1.1310936212539673, "marcoge_mf_118": 0.0, "marcoge_mf_119": 1.1393616199493408, "marcoge_mf_120": 0.0, "marcoge_mf_121": 2.1735854148864746, "marcoge_mf_122": 0.0, "marcoge_mf_123": 1.1884015798568726, "marcoge_mf_124": 0.0, "marcoge_mf_125": 1.3948546648025513, "marcoge_mf_126": 0.0, "marcoge_mf_127": 0.0681762546300888, "marcoge_mf_128": 1.2355539798736572, "marcoge_mf_129": 2.1854822635650635, "marcoge_mf_130": 1.699503779411316, "marcoge_mf_131": 0.0, "marcoge_mf_132": 0.0, "marcoge_mf_133": 0.0, "marcoge_mf_134": 0.5964334011077881,