{"log2_no_instances": 8.566054038171092, "log2_no_attributes": 1.0, "log10_no_instances": 5.937536205082426, "log10_no_attributes": 0.6931471805599453, "instances_to_features": 189.5, "log_instances_to_features": 5.244389024522481, "features_to_instances": 189.5, "log_features_to_instances": 5.244389024522481, "Hopkin's statistic": 0.7336108801056144, "pct_of_discrete_attributes": 0.0, "mean_entropy_of_discrete_attributes": 0, "mean_absolute_correlation_of_continuous_attributes": 0.07105148751499198, "mean_concentration_of_discrete_attributes": NaN, "pca_95_components_to_features_ratio": 1.0, "pca_first_component_skewness": 0.0, "pca_first_component_kurtosis": -2.0, "pct_of_outliers": 0.036939313984168866, "pct_of_mv": 0.0, "min_skewness_of_continuous_attributes": 0.02203484057156591, "max_skewness_of_continuous_attributes": 0.09325476932458912, "mean_skewness_of_continuous_attributes": 0.05764480494807751, "std_skewness_of_continuous_attributes": 0.03560996437651161, "min_kurtosis_of_continuous_attributes": 0.02203484057156591, "max_kurtosis_of_continuous_attributes": 0.09325476932458912, "mean_kurtosis_of_continuous_attributes": 0.05764480494807751, "std_kurtosis_of_continuous_attributes": 0.03560996437651161, "t_squared_mv_normality": 0.525065963060686, "t_squared_skewness": 2.417176078799974, "t_squared_outliers": 0.002638522427440633, "meanshift_silhouette": 0.3485868341711781, "meanshift_dunn": 0.046757126043815336, "meanshift_cindex": 0.33353206996992946, "meanshift_calinski_harabasz": 36.95683930225458, "meanshift_davies_bouldin": 0.8895161581457344, "meanshift_sdbw": 1.1953356651188702, "meanshift_cdbw": null, "meanshift_tau": -1.468714995384341e-06, "meanshift_ratkowsky_lance": 0.24303390244504006, "meanshift_mcclain_rao": 0.6236661056267851, "DBSCAN_silhouette": null, "DBSCAN_davies_bouldin": null, "DBSCAN_calinski_harabasz": null, "OPTICS_silhouette": -0.20275027910676802, "OPTICS_davies_bouldin": 1.9162674217623095, "OPTICS_calinski_harabasz": 8.870523046481054, "ferrari_distance_based": {"Mean": 0.276694053769773, "Variance": 0.022340803823192784, "Standard deviation": 0.14946840409662768, "Skewness": 0.7032564188668552, "Kurtosis": 0.33429959461537306, "% of values in [0, 0.1]": 0.10202286719437115, "% of values in [0.1, 0.2]": 0.2445868408929095, "% of values in [0.2, 0.3]": 0.2626237243651492, "% of values in [0.3, 0.4]": 0.1945247169521576, "% of values in [0.4, 0.5]": 0.11044101017715793, "% of values in [0.5, 0.6]": 0.05547877315687342, "% of values in [0.6, 0.7]": 0.021247783780765313, "% of values in [0.7, 0.8]": 0.00705002024263238, "% of values in [0.8, 0.9]": 0.0017310940793790399, "% of values in [0.9, 1]": 0.00026524828635646577, "% of values with |Z-score| in [0,1)": 0.2879339950580056, "% of values with |Z-score| in [1,2)": 0.12043668244195949, "% of values with |Z-score| in [2,3)": 0.03372841367564323, "% of values with |Z-score| in [3, infinity)": 0.006324077564183105}, "correlation_based": {"Mean": NaN, "Variance": NaN, "Standard deviation": NaN, "Skewness": NaN, "Kurtosis": NaN, "% of values in [0, 0.1]": 0.49866677835015566, "% of values in [0.1, 0.2]": 0.0, "% of values in [0.2, 0.3]": 0.0, "% of values in [0.3, 0.4]": 0.0, "% of values in [0.4, 0.5]": 0.0, "% of values in [0.5, 0.6]": 0.0, "% of values in [0.6, 0.7]": 0.0, "% of values in [0.7, 0.8]": 0.0, "% of values in [0.8, 0.9]": 0.0, "% of values in [0.9, 1]": 0.49605617679496306, "% of values with |Z-score| in [0,1)": 0.0, "% of values with |Z-score| in [1,2)": 0.0, "% of values with |Z-score| in [2,3)": 0.0, "% of values with |Z-score| in [3, infinity)": 0.0}, "correlation_and_distance": {"Mean": NaN, "Variance": NaN, "Standard deviation": NaN, "Skewness": NaN, "Kurtosis": NaN, "% of values in [0, 0.1]": 0.30562186762714466, "% of values in [0.1, 0.2]": 0.17860981977076965, "% of values in [0.2, 0.3]": 0.014295486591001104, "% of values in [0.3, 0.4]": 0.00013960436124024514, "% of values in [0.4, 0.5]": 0.0, "% of values in [0.5, 0.6]": 0.0, "% of values in [0.6, 0.7]": 0.05297985509067303, "% of values in [0.7, 0.8]": 0.3470983233516215, "% of values in [0.8, 0.9]": 0.09151065879298069, "% of values in [0.9, 1]": 0.0044673395596878445, "% of values with |Z-score| in [0,1)": 0.0, "% of values with |Z-score| in [1,2)": 0.0, "% of values with |Z-score| in [2,3)": 0.0, "% of values with |Z-score| in [3, infinity)": 0.0}, "marcoge": {"marcoge_mf_1": 2.3245973587036133, "marcoge_mf_2": 0.0, "marcoge_mf_3": 0.0, "marcoge_mf_4": 1.3331116437911987, "marcoge_mf_5": 0.0, "marcoge_mf_6": 0.0, "marcoge_mf_7": 0.0, "marcoge_mf_8": 0.0, "marcoge_mf_9": 0.0, "marcoge_mf_10": 0.0, "marcoge_mf_11": 0.0, "marcoge_mf_12": 0.0, "marcoge_mf_13": 0.0, "marcoge_mf_14": 2.651414394378662, "marcoge_mf_15": 0.023590175434947014, "marcoge_mf_16": 1.879807710647583, "marcoge_mf_17": 0.0, "marcoge_mf_18": 0.0, "marcoge_mf_19": 2.759613037109375, "marcoge_mf_20": 1.1328355073928833, "marcoge_mf_21": 0.0, "marcoge_mf_22": 0.0, "marcoge_mf_23": 0.0, "marcoge_mf_24": 2.25646710395813, "marcoge_mf_25": 0.0, "marcoge_mf_26": 0.28450605273246765, "marcoge_mf_27": 0.0, "marcoge_mf_28": 0.0, "marcoge_mf_29": 2.135213851928711, "marcoge_mf_30": 0.04211026057600975, "marcoge_mf_31": 0.0, "marcoge_mf_32": 0.0, "marcoge_mf_33": 0.0, "marcoge_mf_34": 1.1254677772521973, "marcoge_mf_35": 0.0, "marcoge_mf_36": 0.0, "marcoge_mf_37": 0.0, "marcoge_mf_38": 1.9340118169784546, "marcoge_mf_39": 0.0, "marcoge_mf_40": 0.7182331085205078, "marcoge_mf_41": 0.0, "marcoge_mf_42": 0.0, "marcoge_mf_43": 0.0, "marcoge_mf_44": 0.0, "marcoge_mf_45": 0.0, "marcoge_mf_46": 0.0, "marcoge_mf_47": 0.0, "marcoge_mf_48": 0.0, "marcoge_mf_49": 2.247105836868286, "marcoge_mf_50": 0.0, "marcoge_mf_51": 0.0, "marcoge_mf_52": 0.0, "marcoge_mf_53": 0.0, "marcoge_mf_54": 0.0, "marcoge_mf_55": 0.0, "marcoge_mf_56": 1.4754846096038818, "marcoge_mf_57": 0.0, "marcoge_mf_58": 0.0, "marcoge_mf_59": 0.0, "marcoge_mf_60": 0.0, "marcoge_mf_61": 0.0, "marcoge_mf_62": 0.0, "marcoge_mf_63": 1.3789396286010742, "marcoge_mf_64": 0.0, "marcoge_mf_65": 0.0, "marcoge_mf_66": 0.7685656547546387, "marcoge_mf_67": 0.0, "marcoge_mf_68": 2.0817503929138184, "marcoge_mf_69": 1.0718708038330078, "marcoge_mf_70": 0.0, "marcoge_mf_71": 0.9458476305007935, "marcoge_mf_72": 2.4572603702545166, "marcoge_mf_73": 0.0, "marcoge_mf_74": 0.0, "marcoge_mf_75": 0.0, "marcoge_mf_76": 0.0, "marcoge_mf_77": 0.0, "marcoge_mf_78": 1.2085003852844238, "marcoge_mf_79": 1.98717200756073, "marcoge_mf_80": 0.0, "marcoge_mf_81": 1.5306549072265625, "marcoge_mf_82": 0.0, "marcoge_mf_83": 1.4344508647918701, "marcoge_mf_84": 0.0, "marcoge_mf_85": 0.0, "marcoge_mf_86": 0.0, "marcoge_mf_87": 0.0, "marcoge_mf_88": 0.0, "marcoge_mf_89": 0.0, "marcoge_mf_90": 0.25822338461875916, "marcoge_mf_91": 1.252279281616211, "marcoge_mf_92": 0.0, "marcoge_mf_93": 0.0, "marcoge_mf_94": 2.156217575073242, "marcoge_mf_95": 0.31755244731903076, "marcoge_mf_96": 0.0, "marcoge_mf_97": 0.0, "marcoge_mf_98": 0.0, "marcoge_mf_99": 0.0, "marcoge_mf_100": 0.0, "marcoge_mf_101": 0.0, "marcoge_mf_102": 0.0, "marcoge_mf_103": 0.0, "marcoge_mf_104": 1.5746188163757324, "marcoge_mf_105": 2.63322114944458, "marcoge_mf_106": 2.7150793075561523, "marcoge_mf_107": 0.0, "marcoge_mf_108": 1.4542386531829834, "marcoge_mf_109": 0.9764276146888733, "marcoge_mf_110": 1.7943110466003418, "marcoge_mf_111": 0.0, "marcoge_mf_112": 0.0, "marcoge_mf_113": 0.907275378704071, "marcoge_mf_114": 0.45503050088882446, "marcoge_mf_115": 0.0, "marcoge_mf_116": 1.1882323026657104, "marcoge_mf_117": 1.1251022815704346, "marcoge_mf_118": 0.0, "marcoge_mf_119": 1.1419421434402466, "marcoge_mf_120": 0.0, "marcoge_mf_121": 2.157724618911743, "marcoge_mf_122": 0.0, "marcoge_mf_123": 1.179370641708374, "marcoge_mf_124": 0.0, "marcoge_mf_125": 1.3787896633148193, "marcoge_mf_126": 0.0, "marcoge_mf_127": 0.06920141726732254, "marcoge_mf_128": 1.225870132446289, "marcoge_mf_129": 2.1742758750915527, "marcoge_mf_130": 1.6987813711166382,